NAME,variable,value,Year
Alaska,ALLERGIES,41.25,2006
Alaska,EMOTIONAL PROBLEMS,37.5,2006
Alaska,ATTENTION DEFICIT DISORDER,32.5,2006
Alaska,ASTHMA,31.25,2006
Alaska,FOOD ALLERGIES,20,2006
Alaska,MENTAL RETARDATION,17.5,2006
Alaska,MIGRAINE OR FREQUENT HEADACHES,16.25,2006
Alaska,AUTISM,11.25,2006
Alaska,JOINT PROBLEMS,5,2006
Alaska,DIABETES,3.75,2006
Alaska,CHILD USES INSULIN,3.75,2006
Alaska,BLOOD PROBLEMS,2.5,2006
Alaska,DOWN SYNDROME,1.25,2006
Alaska,MUSCULAR DYSTROPHY,1.25,2006
Alaska,SEIZURE DISORDER,1.25,2006
Alaska,HEART PROBLEM,0,2006
Alaska,CYSTIC FIBROSIS,0,2006
Alaska,CEREBRAL PALSY,0,2006
Alabama,ALLERGIES,47.5409836,2006
Alabama,ATTENTION DEFICIT DISORDER,40.9836066,2006
Alabama,EMOTIONAL PROBLEMS,37.704918,2006
Alabama,ASTHMA,34.4262295,2006
Alabama,MIGRAINE OR FREQUENT HEADACHES,26.2295082,2006
Alabama,MENTAL RETARDATION,13.1147541,2006
Alabama,FOOD ALLERGIES,11.4754098,2006
Alabama,JOINT PROBLEMS,8.1967213,2006
Alabama,AUTISM,4.9180328,2006
Alabama,SEIZURE DISORDER,4.9180328,2006
Alabama,DIABETES,3.2786885,2006
Alabama,HEART PROBLEM,3.2786885,2006
Alabama,CEREBRAL PALSY,3.2786885,2006
Alabama,CHILD USES INSULIN,1.6393443,2006
Alabama,CYSTIC FIBROSIS,1.6393443,2006
Alabama,MUSCULAR DYSTROPHY,1.6393443,2006
Alabama,DOWN SYNDROME,0,2006
Alabama,BLOOD PROBLEMS,0,2006
Arkansas,ALLERGIES,52.0547945,2006
Arkansas,ATTENTION DEFICIT DISORDER,49.3150685,2006
Arkansas,EMOTIONAL PROBLEMS,45.2054795,2006
Arkansas,ASTHMA,27.3972603,2006
Arkansas,MIGRAINE OR FREQUENT HEADACHES,26.0273973,2006
Arkansas,MENTAL RETARDATION,24.6575342,2006
Arkansas,AUTISM,15.0684932,2006
Arkansas,BLOOD PROBLEMS,5.4794521,2006
Arkansas,SEIZURE DISORDER,5.4794521,2006
Arkansas,JOINT PROBLEMS,5.4794521,2006
Arkansas,FOOD ALLERGIES,5.4794521,2006
Arkansas,HEART PROBLEM,4.109589,2006
Arkansas,DIABETES,2.739726,2006
Arkansas,DOWN SYNDROME,1.369863,2006
Arkansas,CHILD USES INSULIN,1.369863,2006
Arkansas,CEREBRAL PALSY,1.369863,2006
Arkansas,CYSTIC FIBROSIS,0,2006
Arkansas,MUSCULAR DYSTROPHY,0,2006
Arizona,ALLERGIES,48.9361702,2006
Arizona,ASTHMA,38.2978723,2006
Arizona,EMOTIONAL PROBLEMS,36.1702128,2006
Arizona,ATTENTION DEFICIT DISORDER,31.9148936,2006
Arizona,MIGRAINE OR FREQUENT HEADACHES,21.2765957,2006
Arizona,MENTAL RETARDATION,19.1489362,2006
Arizona,SEIZURE DISORDER,9.5744681,2006
Arizona,FOOD ALLERGIES,8.5106383,2006
Arizona,AUTISM,7.4468085,2006
Arizona,HEART PROBLEM,5.3191489,2006
Arizona,CEREBRAL PALSY,5.3191489,2006
Arizona,JOINT PROBLEMS,3.1914894,2006
Arizona,DOWN SYNDROME,2.1276596,2006
Arizona,BLOOD PROBLEMS,2.1276596,2006
Arizona,DIABETES,1.0638298,2006
Arizona,MUSCULAR DYSTROPHY,1.0638298,2006
Arizona,CHILD USES INSULIN,0,2006
Arizona,CYSTIC FIBROSIS,0,2006
California,ALLERGIES,47.3684211,2006
California,EMOTIONAL PROBLEMS,37.593985,2006
California,ATTENTION DEFICIT DISORDER,36.8421053,2006
California,ASTHMA,30.8270677,2006
California,MIGRAINE OR FREQUENT HEADACHES,18.7969925,2006
California,MENTAL RETARDATION,17.2932331,2006
California,FOOD ALLERGIES,15.7894737,2006
California,AUTISM,8.2706767,2006
California,HEART PROBLEM,5.2631579,2006
California,JOINT PROBLEMS,4.5112782,2006
California,BLOOD PROBLEMS,3.0075188,2006
California,SEIZURE DISORDER,3.0075188,2006
California,DIABETES,2.2556391,2006
California,CEREBRAL PALSY,2.2556391,2006
California,CHILD USES INSULIN,1.5037594,2006
California,MUSCULAR DYSTROPHY,1.5037594,2006
California,DOWN SYNDROME,0.7518797,2006
California,CYSTIC FIBROSIS,0.7518797,2006
Colorado,EMOTIONAL PROBLEMS,45.8333333,2006
Colorado,ALLERGIES,43.0555556,2006
Colorado,ATTENTION DEFICIT DISORDER,37.5,2006
Colorado,ASTHMA,25,2006
Colorado,MENTAL RETARDATION,20.8333333,2006
Colorado,MIGRAINE OR FREQUENT HEADACHES,16.6666667,2006
Colorado,FOOD ALLERGIES,12.5,2006
Colorado,SEIZURE DISORDER,8.3333333,2006
Colorado,AUTISM,6.9444444,2006
Colorado,DOWN SYNDROME,4.1666667,2006
Colorado,JOINT PROBLEMS,4.1666667,2006
Colorado,CEREBRAL PALSY,2.7777778,2006
Colorado,HEART PROBLEM,1.3888889,2006
Colorado,BLOOD PROBLEMS,1.3888889,2006
Colorado,DIABETES,0,2006
Colorado,CHILD USES INSULIN,0,2006
Colorado,CYSTIC FIBROSIS,0,2006
Colorado,MUSCULAR DYSTROPHY,0,2006
Connecticut,ALLERGIES,43.0379747,2006
Connecticut,ATTENTION DEFICIT DISORDER,32.9113924,2006
Connecticut,ASTHMA,31.6455696,2006
Connecticut,EMOTIONAL PROBLEMS,29.1139241,2006
Connecticut,MENTAL RETARDATION,17.721519,2006
Connecticut,MIGRAINE OR FREQUENT HEADACHES,12.6582278,2006
Connecticut,FOOD ALLERGIES,12.6582278,2006
Connecticut,SEIZURE DISORDER,11.3924051,2006
Connecticut,JOINT PROBLEMS,11.3924051,2006
Connecticut,AUTISM,8.8607595,2006
Connecticut,HEART PROBLEM,5.0632911,2006
Connecticut,CEREBRAL PALSY,2.5316456,2006
Connecticut,DOWN SYNDROME,1.2658228,2006
Connecticut,BLOOD PROBLEMS,1.2658228,2006
Connecticut,DIABETES,0,2006
Connecticut,CHILD USES INSULIN,0,2006
Connecticut,CYSTIC FIBROSIS,0,2006
Connecticut,MUSCULAR DYSTROPHY,0,2006
Washington DC,ALLERGIES,59.5238095,2006
Washington DC,ASTHMA,39.2857143,2006
Washington DC,ATTENTION DEFICIT DISORDER,26.1904762,2006
Washington DC,EMOTIONAL PROBLEMS,22.6190476,2006
Washington DC,MENTAL RETARDATION,19.047619,2006
Washington DC,FOOD ALLERGIES,17.8571429,2006
Washington DC,MIGRAINE OR FREQUENT HEADACHES,10.7142857,2006
Washington DC,AUTISM,9.5238095,2006
Washington DC,CEREBRAL PALSY,7.1428571,2006
Washington DC,BLOOD PROBLEMS,4.7619048,2006
Washington DC,JOINT PROBLEMS,4.7619048,2006
Washington DC,SEIZURE DISORDER,3.5714286,2006
Washington DC,DOWN SYNDROME,2.3809524,2006
Washington DC,MUSCULAR DYSTROPHY,2.3809524,2006
Washington DC,DIABETES,1.1904762,2006
Washington DC,CHILD USES INSULIN,1.1904762,2006
Washington DC,HEART PROBLEM,1.1904762,2006
Washington DC,CYSTIC FIBROSIS,1.1904762,2006
Delaware,EMOTIONAL PROBLEMS,56.4516129,2006
Delaware,ATTENTION DEFICIT DISORDER,54.8387097,2006
Delaware,ALLERGIES,53.2258065,2006
Delaware,MENTAL RETARDATION,24.1935484,2006
Delaware,ASTHMA,20.9677419,2006
Delaware,MIGRAINE OR FREQUENT HEADACHES,17.7419355,2006
Delaware,AUTISM,12.9032258,2006
Delaware,SEIZURE DISORDER,11.2903226,2006
Delaware,HEART PROBLEM,9.6774194,2006
Delaware,JOINT PROBLEMS,9.6774194,2006
Delaware,FOOD ALLERGIES,6.4516129,2006
Delaware,BLOOD PROBLEMS,4.8387097,2006
Delaware,DIABETES,3.2258065,2006
Delaware,CEREBRAL PALSY,3.2258065,2006
Delaware,CHILD USES INSULIN,1.6129032,2006
Delaware,MUSCULAR DYSTROPHY,1.6129032,2006
Delaware,DOWN SYNDROME,0,2006
Delaware,CYSTIC FIBROSIS,0,2006
Florida,ALLERGIES,45.0980392,2006
Florida,ATTENTION DEFICIT DISORDER,42.1568627,2006
Florida,EMOTIONAL PROBLEMS,42.1568627,2006
Florida,ASTHMA,33.3333333,2006
Florida,MIGRAINE OR FREQUENT HEADACHES,25.4901961,2006
Florida,MENTAL RETARDATION,18.627451,2006
Florida,AUTISM,12.745098,2006
Florida,JOINT PROBLEMS,7.8431373,2006
Florida,FOOD ALLERGIES,7.8431373,2006
Florida,SEIZURE DISORDER,6.8627451,2006
Florida,DIABETES,3.9215686,2006
Florida,CHILD USES INSULIN,2.9411765,2006
Florida,DOWN SYNDROME,1.9607843,2006
Florida,BLOOD PROBLEMS,1.9607843,2006
Florida,CEREBRAL PALSY,1.9607843,2006
Florida,MUSCULAR DYSTROPHY,0.9803922,2006
Florida,HEART PROBLEM,0,2006
Florida,CYSTIC FIBROSIS,0,2006
Georgia,ALLERGIES,55.2631579,2006
Georgia,ATTENTION DEFICIT DISORDER,46.0526316,2006
Georgia,EMOTIONAL PROBLEMS,38.1578947,2006
Georgia,ASTHMA,23.6842105,2006
Georgia,MENTAL RETARDATION,23.6842105,2006
Georgia,MIGRAINE OR FREQUENT HEADACHES,15.7894737,2006
Georgia,AUTISM,11.8421053,2006
Georgia,FOOD ALLERGIES,10.5263158,2006
Georgia,SEIZURE DISORDER,7.8947368,2006
Georgia,JOINT PROBLEMS,6.5789474,2006
Georgia,BLOOD PROBLEMS,3.9473684,2006
Georgia,DIABETES,2.6315789,2006
Georgia,CEREBRAL PALSY,2.6315789,2006
Georgia,MUSCULAR DYSTROPHY,2.6315789,2006
Georgia,CHILD USES INSULIN,1.3157895,2006
Georgia,HEART PROBLEM,1.3157895,2006
Georgia,DOWN SYNDROME,0,2006
Georgia,CYSTIC FIBROSIS,0,2006
Hawaii,ALLERGIES,53.164557,2006
Hawaii,ATTENTION DEFICIT DISORDER,45.5696203,2006
Hawaii,ASTHMA,37.9746835,2006
Hawaii,EMOTIONAL PROBLEMS,30.3797468,2006
Hawaii,MIGRAINE OR FREQUENT HEADACHES,18.9873418,2006
Hawaii,MENTAL RETARDATION,16.4556962,2006
Hawaii,FOOD ALLERGIES,12.6582278,2006
Hawaii,AUTISM,11.3924051,2006
Hawaii,HEART PROBLEM,8.8607595,2006
Hawaii,CEREBRAL PALSY,8.8607595,2006
Hawaii,BLOOD PROBLEMS,7.5949367,2006
Hawaii,JOINT PROBLEMS,7.5949367,2006
Hawaii,DIABETES,2.5316456,2006
Hawaii,CHILD USES INSULIN,2.5316456,2006
Hawaii,SEIZURE DISORDER,2.5316456,2006
Hawaii,DOWN SYNDROME,1.2658228,2006
Hawaii,CYSTIC FIBROSIS,0,2006
Hawaii,MUSCULAR DYSTROPHY,0,2006
Iowa,ATTENTION DEFICIT DISORDER,46.9387755,2006
Iowa,ALLERGIES,46.9387755,2006
Iowa,EMOTIONAL PROBLEMS,26.5306122,2006
Iowa,ASTHMA,20.4081633,2006
Iowa,MIGRAINE OR FREQUENT HEADACHES,20.4081633,2006
Iowa,AUTISM,10.2040816,2006
Iowa,MENTAL RETARDATION,10.2040816,2006
Iowa,HEART PROBLEM,6.122449,2006
Iowa,BLOOD PROBLEMS,6.122449,2006
Iowa,JOINT PROBLEMS,6.122449,2006
Iowa,FOOD ALLERGIES,6.122449,2006
Iowa,DOWN SYNDROME,2.0408163,2006
Iowa,DIABETES,2.0408163,2006
Iowa,CHILD USES INSULIN,2.0408163,2006
Iowa,MUSCULAR DYSTROPHY,2.0408163,2006
Iowa,CYSTIC FIBROSIS,0,2006
Iowa,CEREBRAL PALSY,0,2006
Iowa,SEIZURE DISORDER,0,2006
Idaho,ALLERGIES,55.4054054,2006
Idaho,EMOTIONAL PROBLEMS,50,2006
Idaho,ATTENTION DEFICIT DISORDER,41.8918919,2006
Idaho,ASTHMA,29.7297297,2006
Idaho,MIGRAINE OR FREQUENT HEADACHES,25.6756757,2006
Idaho,MENTAL RETARDATION,24.3243243,2006
Idaho,HEART PROBLEM,6.7567568,2006
Idaho,AUTISM,5.4054054,2006
Idaho,CEREBRAL PALSY,5.4054054,2006
Idaho,JOINT PROBLEMS,5.4054054,2006
Idaho,FOOD ALLERGIES,5.4054054,2006
Idaho,SEIZURE DISORDER,4.0540541,2006
Idaho,DOWN SYNDROME,2.7027027,2006
Idaho,DIABETES,2.7027027,2006
Idaho,CHILD USES INSULIN,2.7027027,2006
Idaho,MUSCULAR DYSTROPHY,2.7027027,2006
Idaho,BLOOD PROBLEMS,0,2006
Idaho,CYSTIC FIBROSIS,0,2006
Illinois,ALLERGIES,37.6623377,2006
Illinois,ATTENTION DEFICIT DISORDER,33.7662338,2006
Illinois,EMOTIONAL PROBLEMS,28.5714286,2006
Illinois,ASTHMA,22.0779221,2006
Illinois,MIGRAINE OR FREQUENT HEADACHES,19.4805195,2006
Illinois,MENTAL RETARDATION,18.1818182,2006
Illinois,AUTISM,14.2857143,2006
Illinois,FOOD ALLERGIES,11.6883117,2006
Illinois,JOINT PROBLEMS,7.7922078,2006
Illinois,SEIZURE DISORDER,5.1948052,2006
Illinois,BLOOD PROBLEMS,3.8961039,2006
Illinois,DIABETES,2.5974026,2006
Illinois,CHILD USES INSULIN,2.5974026,2006
Illinois,HEART PROBLEM,2.5974026,2006
Illinois,CEREBRAL PALSY,2.5974026,2006
Illinois,DOWN SYNDROME,1.2987013,2006
Illinois,CYSTIC FIBROSIS,0,2006
Illinois,MUSCULAR DYSTROPHY,0,2006
Indiana,ATTENTION DEFICIT DISORDER,44.1558442,2006
Indiana,ALLERGIES,42.8571429,2006
Indiana,EMOTIONAL PROBLEMS,33.7662338,2006
Indiana,MIGRAINE OR FREQUENT HEADACHES,20.7792208,2006
Indiana,ASTHMA,19.4805195,2006
Indiana,MENTAL RETARDATION,12.987013,2006
Indiana,FOOD ALLERGIES,10.3896104,2006
Indiana,AUTISM,9.0909091,2006
Indiana,JOINT PROBLEMS,6.4935065,2006
Indiana,HEART PROBLEM,3.8961039,2006
Indiana,SEIZURE DISORDER,3.8961039,2006
Indiana,BLOOD PROBLEMS,2.5974026,2006
Indiana,CEREBRAL PALSY,2.5974026,2006
Indiana,DIABETES,1.2987013,2006
Indiana,CHILD USES INSULIN,1.2987013,2006
Indiana,DOWN SYNDROME,0,2006
Indiana,CYSTIC FIBROSIS,0,2006
Indiana,MUSCULAR DYSTROPHY,0,2006
Kansas,ALLERGIES,60.3773585,2006
Kansas,ATTENTION DEFICIT DISORDER,43.3962264,2006
Kansas,EMOTIONAL PROBLEMS,33.9622642,2006
Kansas,ASTHMA,32.0754717,2006
Kansas,MENTAL RETARDATION,20.754717,2006
Kansas,MIGRAINE OR FREQUENT HEADACHES,20.754717,2006
Kansas,JOINT PROBLEMS,13.2075472,2006
Kansas,FOOD ALLERGIES,11.3207547,2006
Kansas,AUTISM,7.5471698,2006
Kansas,HEART PROBLEM,3.7735849,2006
Kansas,DIABETES,1.8867925,2006
Kansas,SEIZURE DISORDER,1.8867925,2006
Kansas,DOWN SYNDROME,0,2006
Kansas,CHILD USES INSULIN,0,2006
Kansas,BLOOD PROBLEMS,0,2006
Kansas,CYSTIC FIBROSIS,0,2006
Kansas,CEREBRAL PALSY,0,2006
Kansas,MUSCULAR DYSTROPHY,0,2006
Kentucky,ALLERGIES,57.8125,2006
Kentucky,ATTENTION DEFICIT DISORDER,42.1875,2006
Kentucky,EMOTIONAL PROBLEMS,42.1875,2006
Kentucky,ASTHMA,32.8125,2006
Kentucky,MIGRAINE OR FREQUENT HEADACHES,31.25,2006
Kentucky,MENTAL RETARDATION,21.875,2006
Kentucky,SEIZURE DISORDER,10.9375,2006
Kentucky,FOOD ALLERGIES,9.375,2006
Kentucky,AUTISM,7.8125,2006
Kentucky,HEART PROBLEM,6.25,2006
Kentucky,JOINT PROBLEMS,6.25,2006
Kentucky,BLOOD PROBLEMS,3.125,2006
Kentucky,CEREBRAL PALSY,3.125,2006
Kentucky,MUSCULAR DYSTROPHY,1.5625,2006
Kentucky,DOWN SYNDROME,0,2006
Kentucky,DIABETES,0,2006
Kentucky,CHILD USES INSULIN,0,2006
Kentucky,CYSTIC FIBROSIS,0,2006
Louisiana,ALLERGIES,54.3859649,2006
Louisiana,ATTENTION DEFICIT DISORDER,47.3684211,2006
Louisiana,EMOTIONAL PROBLEMS,43.8596491,2006
Louisiana,MIGRAINE OR FREQUENT HEADACHES,31.5789474,2006
Louisiana,ASTHMA,29.8245614,2006
Louisiana,MENTAL RETARDATION,19.2982456,2006
Louisiana,AUTISM,12.2807018,2006
Louisiana,BLOOD PROBLEMS,7.0175439,2006
Louisiana,JOINT PROBLEMS,5.2631579,2006
Louisiana,FOOD ALLERGIES,5.2631579,2006
Louisiana,HEART PROBLEM,1.754386,2006
Louisiana,SEIZURE DISORDER,1.754386,2006
Louisiana,DOWN SYNDROME,0,2006
Louisiana,DIABETES,0,2006
Louisiana,CHILD USES INSULIN,0,2006
Louisiana,CYSTIC FIBROSIS,0,2006
Louisiana,CEREBRAL PALSY,0,2006
Louisiana,MUSCULAR DYSTROPHY,0,2006
Massachusetts,ALLERGIES,45.9459459,2006
Massachusetts,ATTENTION DEFICIT DISORDER,37.8378378,2006
Massachusetts,EMOTIONAL PROBLEMS,32.4324324,2006
Massachusetts,ASTHMA,31.0810811,2006
Massachusetts,MENTAL RETARDATION,20.2702703,2006
Massachusetts,MIGRAINE OR FREQUENT HEADACHES,18.9189189,2006
Massachusetts,AUTISM,12.1621622,2006
Massachusetts,FOOD ALLERGIES,6.7567568,2006
Massachusetts,SEIZURE DISORDER,5.4054054,2006
Massachusetts,JOINT PROBLEMS,5.4054054,2006
Massachusetts,HEART PROBLEM,4.0540541,2006
Massachusetts,CEREBRAL PALSY,4.0540541,2006
Massachusetts,DIABETES,1.3513514,2006
Massachusetts,CHILD USES INSULIN,1.3513514,2006
Massachusetts,DOWN SYNDROME,0,2006
Massachusetts,BLOOD PROBLEMS,0,2006
Massachusetts,CYSTIC FIBROSIS,0,2006
Massachusetts,MUSCULAR DYSTROPHY,0,2006
Maryland,ALLERGIES,48.1012658,2006
Maryland,ATTENTION DEFICIT DISORDER,41.7721519,2006
Maryland,EMOTIONAL PROBLEMS,34.1772152,2006
Maryland,ASTHMA,32.9113924,2006
Maryland,AUTISM,22.7848101,2006
Maryland,MIGRAINE OR FREQUENT HEADACHES,21.5189873,2006
Maryland,MENTAL RETARDATION,20.2531646,2006
Maryland,FOOD ALLERGIES,13.9240506,2006
Maryland,JOINT PROBLEMS,3.7974684,2006
Maryland,HEART PROBLEM,2.5316456,2006
Maryland,CEREBRAL PALSY,2.5316456,2006
Maryland,DOWN SYNDROME,1.2658228,2006
Maryland,BLOOD PROBLEMS,1.2658228,2006
Maryland,SEIZURE DISORDER,1.2658228,2006
Maryland,DIABETES,0,2006
Maryland,CHILD USES INSULIN,0,2006
Maryland,CYSTIC FIBROSIS,0,2006
Maryland,MUSCULAR DYSTROPHY,0,2006
Maine,EMOTIONAL PROBLEMS,47.4576271,2006
Maine,ALLERGIES,47.4576271,2006
Maine,ATTENTION DEFICIT DISORDER,42.3728814,2006
Maine,ASTHMA,33.8983051,2006
Maine,MIGRAINE OR FREQUENT HEADACHES,20.3389831,2006
Maine,MENTAL RETARDATION,16.9491525,2006
Maine,FOOD ALLERGIES,16.9491525,2006
Maine,AUTISM,11.8644068,2006
Maine,JOINT PROBLEMS,8.4745763,2006
Maine,HEART PROBLEM,3.3898305,2006
Maine,DIABETES,1.6949153,2006
Maine,CHILD USES INSULIN,1.6949153,2006
Maine,SEIZURE DISORDER,1.6949153,2006
Maine,DOWN SYNDROME,0,2006
Maine,BLOOD PROBLEMS,0,2006
Maine,CYSTIC FIBROSIS,0,2006
Maine,CEREBRAL PALSY,0,2006
Maine,MUSCULAR DYSTROPHY,0,2006
Michigan,ALLERGIES,53.5211268,2006
Michigan,EMOTIONAL PROBLEMS,40.8450704,2006
Michigan,ASTHMA,33.8028169,2006
Michigan,ATTENTION DEFICIT DISORDER,28.1690141,2006
Michigan,MIGRAINE OR FREQUENT HEADACHES,26.7605634,2006
Michigan,MENTAL RETARDATION,18.3098592,2006
Michigan,JOINT PROBLEMS,14.084507,2006
Michigan,FOOD ALLERGIES,12.6760563,2006
Michigan,AUTISM,11.2676056,2006
Michigan,HEART PROBLEM,5.6338028,2006
Michigan,SEIZURE DISORDER,4.2253521,2006
Michigan,DOWN SYNDROME,2.8169014,2006
Michigan,BLOOD PROBLEMS,2.8169014,2006
Michigan,CEREBRAL PALSY,1.4084507,2006
Michigan,MUSCULAR DYSTROPHY,1.4084507,2006
Michigan,DIABETES,0,2006
Michigan,CHILD USES INSULIN,0,2006
Michigan,CYSTIC FIBROSIS,0,2006
Minnesota,ALLERGIES,50.8474576,2006
Minnesota,ATTENTION DEFICIT DISORDER,38.9830508,2006
Minnesota,EMOTIONAL PROBLEMS,38.9830508,2006
Minnesota,ASTHMA,35.5932203,2006
Minnesota,MIGRAINE OR FREQUENT HEADACHES,18.6440678,2006
Minnesota,AUTISM,10.1694915,2006
Minnesota,FOOD ALLERGIES,8.4745763,2006
Minnesota,DIABETES,5.0847458,2006
Minnesota,BLOOD PROBLEMS,5.0847458,2006
Minnesota,MENTAL RETARDATION,3.3898305,2006
Minnesota,HEART PROBLEM,3.3898305,2006
Minnesota,DOWN SYNDROME,1.6949153,2006
Minnesota,CHILD USES INSULIN,1.6949153,2006
Minnesota,SEIZURE DISORDER,1.6949153,2006
Minnesota,JOINT PROBLEMS,1.6949153,2006
Minnesota,CYSTIC FIBROSIS,0,2006
Minnesota,CEREBRAL PALSY,0,2006
Minnesota,MUSCULAR DYSTROPHY,0,2006
Missouri,ALLERGIES,64.4736842,2006
Missouri,EMOTIONAL PROBLEMS,40.7894737,2006
Missouri,ATTENTION DEFICIT DISORDER,38.1578947,2006
Missouri,ASTHMA,25,2006
Missouri,MIGRAINE OR FREQUENT HEADACHES,21.0526316,2006
Missouri,MENTAL RETARDATION,17.1052632,2006
Missouri,AUTISM,11.8421053,2006
Missouri,FOOD ALLERGIES,11.8421053,2006
Missouri,JOINT PROBLEMS,6.5789474,2006
Missouri,SEIZURE DISORDER,3.9473684,2006
Missouri,DIABETES,2.6315789,2006
Missouri,BLOOD PROBLEMS,2.6315789,2006
Missouri,CEREBRAL PALSY,2.6315789,2006
Missouri,HEART PROBLEM,1.3157895,2006
Missouri,MUSCULAR DYSTROPHY,1.3157895,2006
Missouri,DOWN SYNDROME,0,2006
Missouri,CHILD USES INSULIN,0,2006
Missouri,CYSTIC FIBROSIS,0,2006
Mississippi,ATTENTION DEFICIT DISORDER,49.2957746,2006
Mississippi,ALLERGIES,47.8873239,2006
Mississippi,EMOTIONAL PROBLEMS,42.2535211,2006
Mississippi,MIGRAINE OR FREQUENT HEADACHES,29.5774648,2006
Mississippi,ASTHMA,25.3521127,2006
Mississippi,MENTAL RETARDATION,18.3098592,2006
Mississippi,AUTISM,11.2676056,2006
Mississippi,FOOD ALLERGIES,8.4507042,2006
Mississippi,DIABETES,2.8169014,2006
Mississippi,BLOOD PROBLEMS,2.8169014,2006
Mississippi,DOWN SYNDROME,1.4084507,2006
Mississippi,JOINT PROBLEMS,1.4084507,2006
Mississippi,CHILD USES INSULIN,0,2006
Mississippi,HEART PROBLEM,0,2006
Mississippi,CYSTIC FIBROSIS,0,2006
Mississippi,CEREBRAL PALSY,0,2006
Mississippi,MUSCULAR DYSTROPHY,0,2006
Mississippi,SEIZURE DISORDER,0,2006
Montana,ATTENTION DEFICIT DISORDER,46.1538462,2006
Montana,EMOTIONAL PROBLEMS,46.1538462,2006
Montana,ALLERGIES,41.7582418,2006
Montana,MIGRAINE OR FREQUENT HEADACHES,27.4725275,2006
Montana,ASTHMA,26.3736264,2006
Montana,MENTAL RETARDATION,21.978022,2006
Montana,JOINT PROBLEMS,13.1868132,2006
Montana,FOOD ALLERGIES,12.0879121,2006
Montana,AUTISM,9.8901099,2006
Montana,SEIZURE DISORDER,6.5934066,2006
Montana,HEART PROBLEM,4.3956044,2006
Montana,DOWN SYNDROME,2.1978022,2006
Montana,BLOOD PROBLEMS,2.1978022,2006
Montana,DIABETES,1.0989011,2006
Montana,MUSCULAR DYSTROPHY,1.0989011,2006
Montana,CHILD USES INSULIN,0,2006
Montana,CYSTIC FIBROSIS,0,2006
Montana,CEREBRAL PALSY,0,2006
North Carolina,ALLERGIES,47.0588235,2006
North Carolina,ATTENTION DEFICIT DISORDER,39.7058824,2006
North Carolina,EMOTIONAL PROBLEMS,33.8235294,2006
North Carolina,ASTHMA,30.8823529,2006
North Carolina,MIGRAINE OR FREQUENT HEADACHES,23.5294118,2006
North Carolina,MENTAL RETARDATION,16.1764706,2006
North Carolina,AUTISM,14.7058824,2006
North Carolina,FOOD ALLERGIES,10.2941176,2006
North Carolina,HEART PROBLEM,2.9411765,2006
North Carolina,CEREBRAL PALSY,2.9411765,2006
North Carolina,SEIZURE DISORDER,2.9411765,2006
North Carolina,DOWN SYNDROME,1.4705882,2006
North Carolina,BLOOD PROBLEMS,1.4705882,2006
North Carolina,MUSCULAR DYSTROPHY,1.4705882,2006
North Carolina,JOINT PROBLEMS,1.4705882,2006
North Carolina,DIABETES,0,2006
North Carolina,CHILD USES INSULIN,0,2006
North Carolina,CYSTIC FIBROSIS,0,2006
North Dakota,ATTENTION DEFICIT DISORDER,50,2006
North Dakota,ALLERGIES,46.4285714,2006
North Dakota,EMOTIONAL PROBLEMS,32.1428571,2006
North Dakota,ASTHMA,25,2006
North Dakota,MIGRAINE OR FREQUENT HEADACHES,23.2142857,2006
North Dakota,MENTAL RETARDATION,10.7142857,2006
North Dakota,JOINT PROBLEMS,8.9285714,2006
North Dakota,SEIZURE DISORDER,3.5714286,2006
North Dakota,FOOD ALLERGIES,3.5714286,2006
North Dakota,DIABETES,1.7857143,2006
North Dakota,CHILD USES INSULIN,1.7857143,2006
North Dakota,HEART PROBLEM,1.7857143,2006
North Dakota,CYSTIC FIBROSIS,1.7857143,2006
North Dakota,CEREBRAL PALSY,1.7857143,2006
North Dakota,AUTISM,0,2006
North Dakota,DOWN SYNDROME,0,2006
North Dakota,BLOOD PROBLEMS,0,2006
North Dakota,MUSCULAR DYSTROPHY,0,2006
Nebraska,ALLERGIES,63.6363636,2006
Nebraska,ATTENTION DEFICIT DISORDER,40,2006
Nebraska,ASTHMA,34.5454545,2006
Nebraska,EMOTIONAL PROBLEMS,32.7272727,2006
Nebraska,MIGRAINE OR FREQUENT HEADACHES,21.8181818,2006
Nebraska,MENTAL RETARDATION,14.5454545,2006
Nebraska,FOOD ALLERGIES,12.7272727,2006
Nebraska,JOINT PROBLEMS,7.2727273,2006
Nebraska,AUTISM,5.4545455,2006
Nebraska,DIABETES,5.4545455,2006
Nebraska,CHILD USES INSULIN,5.4545455,2006
Nebraska,HEART PROBLEM,5.4545455,2006
Nebraska,BLOOD PROBLEMS,3.6363636,2006
Nebraska,SEIZURE DISORDER,3.6363636,2006
Nebraska,DOWN SYNDROME,1.8181818,2006
Nebraska,CYSTIC FIBROSIS,0,2006
Nebraska,CEREBRAL PALSY,0,2006
Nebraska,MUSCULAR DYSTROPHY,0,2006
New Hampshire,ALLERGIES,40.5797101,2006
New Hampshire,EMOTIONAL PROBLEMS,34.7826087,2006
New Hampshire,ATTENTION DEFICIT DISORDER,28.9855072,2006
New Hampshire,ASTHMA,20.2898551,2006
New Hampshire,AUTISM,15.942029,2006
New Hampshire,MENTAL RETARDATION,14.4927536,2006
New Hampshire,MIGRAINE OR FREQUENT HEADACHES,10.1449275,2006
New Hampshire,FOOD ALLERGIES,8.6956522,2006
New Hampshire,SEIZURE DISORDER,4.3478261,2006
New Hampshire,DOWN SYNDROME,2.8985507,2006
New Hampshire,JOINT PROBLEMS,2.8985507,2006
New Hampshire,HEART PROBLEM,1.4492754,2006
New Hampshire,MUSCULAR DYSTROPHY,1.4492754,2006
New Hampshire,DIABETES,0,2006
New Hampshire,CHILD USES INSULIN,0,2006
New Hampshire,BLOOD PROBLEMS,0,2006
New Hampshire,CYSTIC FIBROSIS,0,2006
New Hampshire,CEREBRAL PALSY,0,2006
New Jersey,ALLERGIES,51.1363636,2006
New Jersey,ATTENTION DEFICIT DISORDER,38.6363636,2006
New Jersey,EMOTIONAL PROBLEMS,35.2272727,2006
New Jersey,ASTHMA,32.9545455,2006
New Jersey,MIGRAINE OR FREQUENT HEADACHES,22.7272727,2006
New Jersey,FOOD ALLERGIES,17.0454545,2006
New Jersey,AUTISM,12.5,2006
New Jersey,MENTAL RETARDATION,10.2272727,2006
New Jersey,HEART PROBLEM,5.6818182,2006
New Jersey,SEIZURE DISORDER,5.6818182,2006
New Jersey,JOINT PROBLEMS,3.4090909,2006
New Jersey,BLOOD PROBLEMS,2.2727273,2006
New Jersey,DIABETES,1.1363636,2006
New Jersey,CHILD USES INSULIN,1.1363636,2006
New Jersey,CEREBRAL PALSY,1.1363636,2006
New Jersey,DOWN SYNDROME,0,2006
New Jersey,CYSTIC FIBROSIS,0,2006
New Jersey,MUSCULAR DYSTROPHY,0,2006
New Mexico,ALLERGIES,52.6315789,2006
New Mexico,ATTENTION DEFICIT DISORDER,45.2631579,2006
New Mexico,EMOTIONAL PROBLEMS,42.1052632,2006
New Mexico,ASTHMA,33.6842105,2006
New Mexico,MIGRAINE OR FREQUENT HEADACHES,33.6842105,2006
New Mexico,MENTAL RETARDATION,24.2105263,2006
New Mexico,FOOD ALLERGIES,15.7894737,2006
New Mexico,JOINT PROBLEMS,10.5263158,2006
New Mexico,SEIZURE DISORDER,7.3684211,2006
New Mexico,AUTISM,6.3157895,2006
New Mexico,HEART PROBLEM,5.2631579,2006
New Mexico,DOWN SYNDROME,4.2105263,2006
New Mexico,DIABETES,4.2105263,2006
New Mexico,CHILD USES INSULIN,3.1578947,2006
New Mexico,BLOOD PROBLEMS,3.1578947,2006
New Mexico,CEREBRAL PALSY,2.1052632,2006
New Mexico,CYSTIC FIBROSIS,1.0526316,2006
New Mexico,MUSCULAR DYSTROPHY,0,2006
Nevada,EMOTIONAL PROBLEMS,51.754386,2006
Nevada,ALLERGIES,50,2006
Nevada,ATTENTION DEFICIT DISORDER,36.8421053,2006
Nevada,MIGRAINE OR FREQUENT HEADACHES,23.6842105,2006
Nevada,ASTHMA,21.0526316,2006
Nevada,MENTAL RETARDATION,19.2982456,2006
Nevada,FOOD ALLERGIES,15.7894737,2006
Nevada,AUTISM,10.5263158,2006
Nevada,JOINT PROBLEMS,6.1403509,2006
Nevada,SEIZURE DISORDER,5.2631579,2006
Nevada,DIABETES,3.5087719,2006
Nevada,BLOOD PROBLEMS,3.5087719,2006
Nevada,DOWN SYNDROME,1.754386,2006
Nevada,HEART PROBLEM,1.754386,2006
Nevada,CEREBRAL PALSY,1.754386,2006
Nevada,CHILD USES INSULIN,0.877193,2006
Nevada,MUSCULAR DYSTROPHY,0.877193,2006
Nevada,CYSTIC FIBROSIS,0,2006
New York ,ASTHMA,34.6153846,2006
New York ,ATTENTION DEFICIT DISORDER,34.6153846,2006
New York ,ALLERGIES,34.6153846,2006
New York ,EMOTIONAL PROBLEMS,29.4871795,2006
New York ,MENTAL RETARDATION,28.2051282,2006
New York ,MIGRAINE OR FREQUENT HEADACHES,17.9487179,2006
New York ,AUTISM,11.5384615,2006
New York ,FOOD ALLERGIES,11.5384615,2006
New York ,JOINT PROBLEMS,8.974359,2006
New York ,SEIZURE DISORDER,7.6923077,2006
New York ,BLOOD PROBLEMS,6.4102564,2006
New York ,HEART PROBLEM,5.1282051,2006
New York ,CEREBRAL PALSY,5.1282051,2006
New York ,DOWN SYNDROME,3.8461538,2006
New York ,DIABETES,2.5641026,2006
New York ,CHILD USES INSULIN,2.5641026,2006
New York ,CYSTIC FIBROSIS,1.2820513,2006
New York ,MUSCULAR DYSTROPHY,0,2006
Ohio,ALLERGIES,58.1818182,2006
Ohio,EMOTIONAL PROBLEMS,54.5454545,2006
Ohio,ATTENTION DEFICIT DISORDER,43.6363636,2006
Ohio,ASTHMA,23.6363636,2006
Ohio,MENTAL RETARDATION,16.3636364,2006
Ohio,MIGRAINE OR FREQUENT HEADACHES,16.3636364,2006
Ohio,JOINT PROBLEMS,9.0909091,2006
Ohio,FOOD ALLERGIES,9.0909091,2006
Ohio,AUTISM,7.2727273,2006
Ohio,BLOOD PROBLEMS,5.4545455,2006
Ohio,DIABETES,1.8181818,2006
Ohio,HEART PROBLEM,1.8181818,2006
Ohio,SEIZURE DISORDER,1.8181818,2006
Ohio,DOWN SYNDROME,0,2006
Ohio,CHILD USES INSULIN,0,2006
Ohio,CYSTIC FIBROSIS,0,2006
Ohio,CEREBRAL PALSY,0,2006
Ohio,MUSCULAR DYSTROPHY,0,2006
Oklahoma,ALLERGIES,63.7254902,2006
Oklahoma,EMOTIONAL PROBLEMS,45.0980392,2006
Oklahoma,ATTENTION DEFICIT DISORDER,37.254902,2006
Oklahoma,ASTHMA,35.2941176,2006
Oklahoma,MIGRAINE OR FREQUENT HEADACHES,29.4117647,2006
Oklahoma,MENTAL RETARDATION,16.6666667,2006
Oklahoma,FOOD ALLERGIES,11.7647059,2006
Oklahoma,AUTISM,6.8627451,2006
Oklahoma,JOINT PROBLEMS,5.8823529,2006
Oklahoma,HEART PROBLEM,4.9019608,2006
Oklahoma,CEREBRAL PALSY,4.9019608,2006
Oklahoma,DIABETES,2.9411765,2006
Oklahoma,SEIZURE DISORDER,2.9411765,2006
Oklahoma,CHILD USES INSULIN,1.9607843,2006
Oklahoma,BLOOD PROBLEMS,1.9607843,2006
Oklahoma,MUSCULAR DYSTROPHY,0.9803922,2006
Oklahoma,DOWN SYNDROME,0,2006
Oklahoma,CYSTIC FIBROSIS,0,2006
Oregon,ALLERGIES,50,2006
Oregon,EMOTIONAL PROBLEMS,46.875,2006
Oregon,ATTENTION DEFICIT DISORDER,35.4166667,2006
Oregon,ASTHMA,29.1666667,2006
Oregon,MENTAL RETARDATION,28.125,2006
Oregon,MIGRAINE OR FREQUENT HEADACHES,28.125,2006
Oregon,JOINT PROBLEMS,14.5833333,2006
Oregon,AUTISM,13.5416667,2006
Oregon,FOOD ALLERGIES,12.5,2006
Oregon,SEIZURE DISORDER,6.25,2006
Oregon,DOWN SYNDROME,5.2083333,2006
Oregon,DIABETES,4.1666667,2006
Oregon,HEART PROBLEM,4.1666667,2006
Oregon,CEREBRAL PALSY,4.1666667,2006
Oregon,CHILD USES INSULIN,3.125,2006
Oregon,MUSCULAR DYSTROPHY,2.0833333,2006
Oregon,BLOOD PROBLEMS,1.0416667,2006
Oregon,CYSTIC FIBROSIS,1.0416667,2006
Pennsylvania,ALLERGIES,59.0361446,2006
Pennsylvania,ATTENTION DEFICIT DISORDER,43.373494,2006
Pennsylvania,EMOTIONAL PROBLEMS,36.1445783,2006
Pennsylvania,ASTHMA,30.1204819,2006
Pennsylvania,MENTAL RETARDATION,22.8915663,2006
Pennsylvania,MIGRAINE OR FREQUENT HEADACHES,20.4819277,2006
Pennsylvania,AUTISM,18.0722892,2006
Pennsylvania,FOOD ALLERGIES,14.4578313,2006
Pennsylvania,SEIZURE DISORDER,7.2289157,2006
Pennsylvania,JOINT PROBLEMS,7.2289157,2006
Pennsylvania,CEREBRAL PALSY,6.0240964,2006
Pennsylvania,DIABETES,4.8192771,2006
Pennsylvania,DOWN SYNDROME,3.6144578,2006
Pennsylvania,BLOOD PROBLEMS,3.6144578,2006
Pennsylvania,CHILD USES INSULIN,2.4096386,2006
Pennsylvania,HEART PROBLEM,1.2048193,2006
Pennsylvania,MUSCULAR DYSTROPHY,1.2048193,2006
Pennsylvania,CYSTIC FIBROSIS,0,2006
Rhode Island,ATTENTION DEFICIT DISORDER,45.7142857,2006
Rhode Island,ALLERGIES,44.2857143,2006
Rhode Island,EMOTIONAL PROBLEMS,42.8571429,2006
Rhode Island,ASTHMA,27.1428571,2006
Rhode Island,MIGRAINE OR FREQUENT HEADACHES,22.8571429,2006
Rhode Island,MENTAL RETARDATION,15.7142857,2006
Rhode Island,AUTISM,10,2006
Rhode Island,JOINT PROBLEMS,10,2006
Rhode Island,FOOD ALLERGIES,7.1428571,2006
Rhode Island,SEIZURE DISORDER,4.2857143,2006
Rhode Island,DOWN SYNDROME,2.8571429,2006
Rhode Island,BLOOD PROBLEMS,2.8571429,2006
Rhode Island,MUSCULAR DYSTROPHY,2.8571429,2006
Rhode Island,CYSTIC FIBROSIS,1.4285714,2006
Rhode Island,CEREBRAL PALSY,1.4285714,2006
Rhode Island,DIABETES,0,2006
Rhode Island,CHILD USES INSULIN,0,2006
Rhode Island,HEART PROBLEM,0,2006
South Carolina,ALLERGIES,56.25,2006
South Carolina,EMOTIONAL PROBLEMS,39.0625,2006
South Carolina,ATTENTION DEFICIT DISORDER,32.8125,2006
South Carolina,MIGRAINE OR FREQUENT HEADACHES,32.8125,2006
South Carolina,ASTHMA,28.125,2006
South Carolina,MENTAL RETARDATION,25,2006
South Carolina,AUTISM,12.5,2006
South Carolina,FOOD ALLERGIES,12.5,2006
South Carolina,SEIZURE DISORDER,7.8125,2006
South Carolina,JOINT PROBLEMS,7.8125,2006
South Carolina,HEART PROBLEM,6.25,2006
South Carolina,CEREBRAL PALSY,4.6875,2006
South Carolina,DOWN SYNDROME,3.125,2006
South Carolina,BLOOD PROBLEMS,3.125,2006
South Carolina,CYSTIC FIBROSIS,1.5625,2006
South Carolina,DIABETES,0,2006
South Carolina,CHILD USES INSULIN,0,2006
South Carolina,MUSCULAR DYSTROPHY,0,2006
South Dakota,ALLERGIES,43.5483871,2006
South Dakota,EMOTIONAL PROBLEMS,38.7096774,2006
South Dakota,ATTENTION DEFICIT DISORDER,37.0967742,2006
South Dakota,ASTHMA,27.4193548,2006
South Dakota,MIGRAINE OR FREQUENT HEADACHES,20.9677419,2006
South Dakota,MENTAL RETARDATION,19.3548387,2006
South Dakota,AUTISM,12.9032258,2006
South Dakota,FOOD ALLERGIES,8.0645161,2006
South Dakota,DIABETES,4.8387097,2006
South Dakota,HEART PROBLEM,4.8387097,2006
South Dakota,CEREBRAL PALSY,3.2258065,2006
South Dakota,SEIZURE DISORDER,3.2258065,2006
South Dakota,CHILD USES INSULIN,1.6129032,2006
South Dakota,BLOOD PROBLEMS,1.6129032,2006
South Dakota,JOINT PROBLEMS,1.6129032,2006
South Dakota,DOWN SYNDROME,0,2006
South Dakota,CYSTIC FIBROSIS,0,2006
South Dakota,MUSCULAR DYSTROPHY,0,2006
Tennessee,ALLERGIES,62.8571429,2006
Tennessee,ATTENTION DEFICIT DISORDER,37.1428571,2006
Tennessee,EMOTIONAL PROBLEMS,37.1428571,2006
Tennessee,ASTHMA,32.8571429,2006
Tennessee,MENTAL RETARDATION,22.8571429,2006
Tennessee,MIGRAINE OR FREQUENT HEADACHES,22.8571429,2006
Tennessee,FOOD ALLERGIES,14.2857143,2006
Tennessee,JOINT PROBLEMS,11.4285714,2006
Tennessee,AUTISM,8.5714286,2006
Tennessee,BLOOD PROBLEMS,8.5714286,2006
Tennessee,DOWN SYNDROME,7.1428571,2006
Tennessee,SEIZURE DISORDER,5.7142857,2006
Tennessee,HEART PROBLEM,4.2857143,2006
Tennessee,CEREBRAL PALSY,2.8571429,2006
Tennessee,DIABETES,1.4285714,2006
Tennessee,CHILD USES INSULIN,1.4285714,2006
Tennessee,CYSTIC FIBROSIS,0,2006
Tennessee,MUSCULAR DYSTROPHY,0,2006
Texas,ALLERGIES,65.5555556,2006
Texas,EMOTIONAL PROBLEMS,46.6666667,2006
Texas,ATTENTION DEFICIT DISORDER,43.3333333,2006
Texas,ASTHMA,38.8888889,2006
Texas,MENTAL RETARDATION,31.1111111,2006
Texas,MIGRAINE OR FREQUENT HEADACHES,27.7777778,2006
Texas,FOOD ALLERGIES,14.4444444,2006
Texas,AUTISM,10,2006
Texas,SEIZURE DISORDER,10,2006
Texas,JOINT PROBLEMS,8.8888889,2006
Texas,CEREBRAL PALSY,6.6666667,2006
Texas,DOWN SYNDROME,3.3333333,2006
Texas,HEART PROBLEM,3.3333333,2006
Texas,BLOOD PROBLEMS,1.1111111,2006
Texas,DIABETES,0,2006
Texas,CHILD USES INSULIN,0,2006
Texas,CYSTIC FIBROSIS,0,2006
Texas,MUSCULAR DYSTROPHY,0,2006
Utah,EMOTIONAL PROBLEMS,44.8275862,2006
Utah,ALLERGIES,43.6781609,2006
Utah,ATTENTION DEFICIT DISORDER,32.183908,2006
Utah,MENTAL RETARDATION,28.7356322,2006
Utah,ASTHMA,27.5862069,2006
Utah,MIGRAINE OR FREQUENT HEADACHES,18.3908046,2006
Utah,FOOD ALLERGIES,16.091954,2006
Utah,AUTISM,11.4942529,2006
Utah,JOINT PROBLEMS,11.4942529,2006
Utah,DIABETES,4.5977011,2006
Utah,CHILD USES INSULIN,4.5977011,2006
Utah,SEIZURE DISORDER,4.5977011,2006
Utah,DOWN SYNDROME,2.2988506,2006
Utah,HEART PROBLEM,2.2988506,2006
Utah,BLOOD PROBLEMS,2.2988506,2006
Utah,CEREBRAL PALSY,2.2988506,2006
Utah,MUSCULAR DYSTROPHY,1.1494253,2006
Utah,CYSTIC FIBROSIS,0,2006
Virginia,ALLERGIES,52,2006
Virginia,ATTENTION DEFICIT DISORDER,48,2006
Virginia,ASTHMA,26.6666667,2006
Virginia,MIGRAINE OR FREQUENT HEADACHES,25.3333333,2006
Virginia,EMOTIONAL PROBLEMS,22.6666667,2006
Virginia,MENTAL RETARDATION,18.6666667,2006
Virginia,FOOD ALLERGIES,16,2006
Virginia,SEIZURE DISORDER,12,2006
Virginia,AUTISM,9.3333333,2006
Virginia,CEREBRAL PALSY,4,2006
Virginia,JOINT PROBLEMS,4,2006
Virginia,DIABETES,2.6666667,2006
Virginia,HEART PROBLEM,2.6666667,2006
Virginia,BLOOD PROBLEMS,2.6666667,2006
Virginia,DOWN SYNDROME,0,2006
Virginia,CHILD USES INSULIN,0,2006
Virginia,CYSTIC FIBROSIS,0,2006
Virginia,MUSCULAR DYSTROPHY,0,2006
Vermont,ALLERGIES,54.0983607,2006
Vermont,EMOTIONAL PROBLEMS,47.5409836,2006
Vermont,ATTENTION DEFICIT DISORDER,39.3442623,2006
Vermont,ASTHMA,29.5081967,2006
Vermont,FOOD ALLERGIES,19.6721311,2006
Vermont,MIGRAINE OR FREQUENT HEADACHES,18.0327869,2006
Vermont,AUTISM,16.3934426,2006
Vermont,MENTAL RETARDATION,13.1147541,2006
Vermont,HEART PROBLEM,13.1147541,2006
Vermont,JOINT PROBLEMS,9.8360656,2006
Vermont,DIABETES,1.6393443,2006
Vermont,CHILD USES INSULIN,1.6393443,2006
Vermont,BLOOD PROBLEMS,1.6393443,2006
Vermont,CEREBRAL PALSY,1.6393443,2006
Vermont,DOWN SYNDROME,0,2006
Vermont,CYSTIC FIBROSIS,0,2006
Vermont,MUSCULAR DYSTROPHY,0,2006
Vermont,SEIZURE DISORDER,0,2006
Washington,ALLERGIES,44.0860215,2006
Washington,EMOTIONAL PROBLEMS,36.5591398,2006
Washington,ATTENTION DEFICIT DISORDER,34.4086022,2006
Washington,ASTHMA,22.5806452,2006
Washington,MENTAL RETARDATION,19.3548387,2006
Washington,MIGRAINE OR FREQUENT HEADACHES,17.2043011,2006
Washington,AUTISM,13.9784946,2006
Washington,FOOD ALLERGIES,11.827957,2006
Washington,JOINT PROBLEMS,6.4516129,2006
Washington,HEART PROBLEM,5.3763441,2006
Washington,SEIZURE DISORDER,4.3010753,2006
Washington,BLOOD PROBLEMS,3.2258065,2006
Washington,DIABETES,2.1505376,2006
Washington,CHILD USES INSULIN,2.1505376,2006
Washington,DOWN SYNDROME,1.0752688,2006
Washington,CEREBRAL PALSY,1.0752688,2006
Washington,CYSTIC FIBROSIS,0,2006
Washington,MUSCULAR DYSTROPHY,0,2006
Wisconsin,EMOTIONAL PROBLEMS,47.826087,2006
Wisconsin,ATTENTION DEFICIT DISORDER,46.3768116,2006
Wisconsin,ALLERGIES,40.5797101,2006
Wisconsin,ASTHMA,36.2318841,2006
Wisconsin,MIGRAINE OR FREQUENT HEADACHES,21.7391304,2006
Wisconsin,MENTAL RETARDATION,13.0434783,2006
Wisconsin,JOINT PROBLEMS,7.2463768,2006
Wisconsin,FOOD ALLERGIES,7.2463768,2006
Wisconsin,AUTISM,5.7971014,2006
Wisconsin,SEIZURE DISORDER,2.8985507,2006
Wisconsin,DOWN SYNDROME,1.4492754,2006
Wisconsin,DIABETES,1.4492754,2006
Wisconsin,HEART PROBLEM,1.4492754,2006
Wisconsin,CEREBRAL PALSY,1.4492754,2006
Wisconsin,CHILD USES INSULIN,0,2006
Wisconsin,BLOOD PROBLEMS,0,2006
Wisconsin,CYSTIC FIBROSIS,0,2006
Wisconsin,MUSCULAR DYSTROPHY,0,2006
West Virginia,ALLERGIES,56.5217391,2006
West Virginia,ATTENTION DEFICIT DISORDER,43.4782609,2006
West Virginia,EMOTIONAL PROBLEMS,40.5797101,2006
West Virginia,ASTHMA,39.1304348,2006
West Virginia,MENTAL RETARDATION,31.884058,2006
West Virginia,MIGRAINE OR FREQUENT HEADACHES,30.4347826,2006
West Virginia,JOINT PROBLEMS,20.2898551,2006
West Virginia,FOOD ALLERGIES,10.1449275,2006
West Virginia,CEREBRAL PALSY,8.6956522,2006
West Virginia,SEIZURE DISORDER,8.6956522,2006
West Virginia,AUTISM,5.7971014,2006
West Virginia,DIABETES,5.7971014,2006
West Virginia,HEART PROBLEM,5.7971014,2006
West Virginia,BLOOD PROBLEMS,4.3478261,2006
West Virginia,DOWN SYNDROME,2.8985507,2006
West Virginia,CHILD USES INSULIN,2.8985507,2006
West Virginia,CYSTIC FIBROSIS,0,2006
West Virginia,MUSCULAR DYSTROPHY,0,2006
Wyoming,EMOTIONAL PROBLEMS,53.6231884,2006
Wyoming,ALLERGIES,49.2753623,2006
Wyoming,ATTENTION DEFICIT DISORDER,42.0289855,2006
Wyoming,MIGRAINE OR FREQUENT HEADACHES,36.2318841,2006
Wyoming,ASTHMA,33.3333333,2006
Wyoming,MENTAL RETARDATION,23.1884058,2006
Wyoming,FOOD ALLERGIES,21.7391304,2006
Wyoming,JOINT PROBLEMS,14.4927536,2006
Wyoming,SEIZURE DISORDER,10.1449275,2006
Wyoming,AUTISM,5.7971014,2006
Wyoming,CEREBRAL PALSY,4.3478261,2006
Wyoming,DIABETES,2.8985507,2006
Wyoming,DOWN SYNDROME,1.4492754,2006
Wyoming,CHILD USES INSULIN,1.4492754,2006
Wyoming,HEART PROBLEM,1.4492754,2006
Wyoming,BLOOD PROBLEMS,1.4492754,2006
Wyoming,CYSTIC FIBROSIS,1.4492754,2006
Wyoming,MUSCULAR DYSTROPHY,0,2006
Alaska,ALLERGIES,36.70886076,2010
Alaska,ATTENTION DEFICIT DISORDER,33.5443038,2010
Alaska,AUTISM,21.51898734,2010
Alaska,EMOTIONAL PROBLEMS,19.62025316,2010
Alaska,FOOD ALLERGIES,18.98734177,2010
Alaska,ASTHMA,17.72151899,2010
Alaska,MIGRAINE OR FREQUENT HEADACHES,15.18987342,2010
Alaska,MENTAL RETARDATION,9.493670886,2010
Alaska,BLOOD PROBLEMS,3.164556962,2010
Alaska,DOWN SYNDROME,2.53164557,2010
Alaska,DIABETES,1.898734177,2010
Alaska,CHILD USES INSULIN,1.898734177,2010
Alaska,JOINT PROBLEMS,1.898734177,2010
Alaska,HEART PROBLEM,1.265822785,2010
Alaska,CEREBRAL PALSY,0.632911392,2010
Alaska,SEIZURE DISORDER,0.632911392,2010
Alaska,CYSTIC FIBROSIS,0,2010
Alaska,MUSCULAR DYSTROPHY,0,2010
Alabama,ALLERGIES,48.54368932,2010
Alabama,ATTENTION DEFICIT DISORDER,46.60194175,2010
Alabama,ASTHMA,32.03883495,2010
Alabama,EMOTIONAL PROBLEMS,29.12621359,2010
Alabama,MIGRAINE OR FREQUENT HEADACHES,25.24271845,2010
Alabama,AUTISM,16.50485437,2010
Alabama,MENTAL RETARDATION,13.59223301,2010
Alabama,JOINT PROBLEMS,13.59223301,2010
Alabama,FOOD ALLERGIES,11.65048544,2010
Alabama,SEIZURE DISORDER,5.825242718,2010
Alabama,DIABETES,2.912621359,2010
Alabama,HEART PROBLEM,2.912621359,2010
Alabama,BLOOD PROBLEMS,2.912621359,2010
Alabama,CEREBRAL PALSY,1.941747573,2010
Alabama,DOWN SYNDROME,0.970873786,2010
Alabama,CHILD USES INSULIN,0.970873786,2010
Alabama,CYSTIC FIBROSIS,0.970873786,2010
Alabama,MUSCULAR DYSTROPHY,0.970873786,2010
Arkansas,ATTENTION DEFICIT DISORDER,60.12658228,2010
Arkansas,ALLERGIES,52.53164557,2010
Arkansas,EMOTIONAL PROBLEMS,35.44303797,2010
Arkansas,ASTHMA,24.05063291,2010
Arkansas,MIGRAINE OR FREQUENT HEADACHES,24.05063291,2010
Arkansas,AUTISM,15.18987342,2010
Arkansas,FOOD ALLERGIES,15.18987342,2010
Arkansas,JOINT PROBLEMS,10.12658228,2010
Arkansas,MENTAL RETARDATION,9.493670886,2010
Arkansas,HEART PROBLEM,5.063291139,2010
Arkansas,SEIZURE DISORDER,4.430379747,2010
Arkansas,DIABETES,3.797468354,2010
Arkansas,CHILD USES INSULIN,3.164556962,2010
Arkansas,DOWN SYNDROME,1.265822785,2010
Arkansas,BLOOD PROBLEMS,1.265822785,2010
Arkansas,CYSTIC FIBROSIS,1.265822785,2010
Arkansas,CEREBRAL PALSY,0.632911392,2010
Arkansas,MUSCULAR DYSTROPHY,0.632911392,2010
Arizona,ALLERGIES,44.13407821,2010
Arizona,ATTENTION DEFICIT DISORDER,41.34078212,2010
Arizona,EMOTIONAL PROBLEMS,31.84357542,2010
Arizona,ASTHMA,26.81564246,2010
Arizona,AUTISM,23.46368715,2010
Arizona,MIGRAINE OR FREQUENT HEADACHES,12.29050279,2010
Arizona,MENTAL RETARDATION,11.17318436,2010
Arizona,FOOD ALLERGIES,10.05586592,2010
Arizona,JOINT PROBLEMS,6.145251397,2010
Arizona,SEIZURE DISORDER,3.910614525,2010
Arizona,HEART PROBLEM,2.793296089,2010
Arizona,BLOOD PROBLEMS,2.793296089,2010
Arizona,CEREBRAL PALSY,2.793296089,2010
Arizona,DOWN SYNDROME,2.234636872,2010
Arizona,DIABETES,2.234636872,2010
Arizona,CHILD USES INSULIN,1.675977654,2010
Arizona,MUSCULAR DYSTROPHY,0.558659218,2010
Arizona,CYSTIC FIBROSIS,0,2010
California,ALLERGIES,38.37837838,2010
California,ATTENTION DEFICIT DISORDER,32.43243243,2010
California,ASTHMA,30.27027027,2010
California,EMOTIONAL PROBLEMS,23.78378378,2010
California,AUTISM,20,2010
California,MIGRAINE OR FREQUENT HEADACHES,14.59459459,2010
California,MENTAL RETARDATION,11.35135135,2010
California,FOOD ALLERGIES,10.27027027,2010
California,JOINT PROBLEMS,4.324324324,2010
California,SEIZURE DISORDER,3.783783784,2010
California,BLOOD PROBLEMS,3.243243243,2010
California,DIABETES,2.702702703,2010
California,HEART PROBLEM,2.702702703,2010
California,CHILD USES INSULIN,2.162162162,2010
California,DOWN SYNDROME,1.621621622,2010
California,CEREBRAL PALSY,1.621621622,2010
California,MUSCULAR DYSTROPHY,0.540540541,2010
California,CYSTIC FIBROSIS,0,2010
Colorado,ALLERGIES,43.31550802,2010
Colorado,ATTENTION DEFICIT DISORDER,26.73796791,2010
Colorado,ASTHMA,22.99465241,2010
Colorado,EMOTIONAL PROBLEMS,19.2513369,2010
Colorado,MIGRAINE OR FREQUENT HEADACHES,16.57754011,2010
Colorado,AUTISM,14.97326203,2010
Colorado,FOOD ALLERGIES,11.76470588,2010
Colorado,MENTAL RETARDATION,9.625668449,2010
Colorado,JOINT PROBLEMS,6.951871658,2010
Colorado,HEART PROBLEM,3.20855615,2010
Colorado,DIABETES,2.139037433,2010
Colorado,CEREBRAL PALSY,2.139037433,2010
Colorado,DOWN SYNDROME,1.604278075,2010
Colorado,CHILD USES INSULIN,1.604278075,2010
Colorado,BLOOD PROBLEMS,1.069518717,2010
Colorado,SEIZURE DISORDER,1.069518717,2010
Colorado,CYSTIC FIBROSIS,0,2010
Colorado,MUSCULAR DYSTROPHY,0,2010
Connecticut,ATTENTION DEFICIT DISORDER,39.66942149,2010
Connecticut,ALLERGIES,37.19008264,2010
Connecticut,ASTHMA,21.48760331,2010
Connecticut,AUTISM,20.66115702,2010
Connecticut,EMOTIONAL PROBLEMS,19.00826446,2010
Connecticut,MIGRAINE OR FREQUENT HEADACHES,16.52892562,2010
Connecticut,FOOD ALLERGIES,13.2231405,2010
Connecticut,MENTAL RETARDATION,9.090909091,2010
Connecticut,SEIZURE DISORDER,4.132231405,2010
Connecticut,JOINT PROBLEMS,3.305785124,2010
Connecticut,HEART PROBLEM,2.479338843,2010
Connecticut,CEREBRAL PALSY,2.479338843,2010
Connecticut,DIABETES,1.652892562,2010
Connecticut,CHILD USES INSULIN,1.652892562,2010
Connecticut,BLOOD PROBLEMS,0.826446281,2010
Connecticut,MUSCULAR DYSTROPHY,0.826446281,2010
Connecticut,DOWN SYNDROME,0,2010
Connecticut,CYSTIC FIBROSIS,0,2010
Washington DC,ATTENTION DEFICIT DISORDER,46.61016949,2010
Washington DC,ALLERGIES,44.91525424,2010
Washington DC,ASTHMA,34.74576271,2010
Washington DC,EMOTIONAL PROBLEMS,25.42372881,2010
Washington DC,AUTISM,12.71186441,2010
Washington DC,FOOD ALLERGIES,12.71186441,2010
Washington DC,MIGRAINE OR FREQUENT HEADACHES,7.627118644,2010
Washington DC,MENTAL RETARDATION,5.084745763,2010
Washington DC,JOINT PROBLEMS,4.237288136,2010
Washington DC,HEART PROBLEM,3.389830508,2010
Washington DC,SEIZURE DISORDER,2.542372881,2010
Washington DC,DOWN SYNDROME,1.694915254,2010
Washington DC,BLOOD PROBLEMS,1.694915254,2010
Washington DC,CEREBRAL PALSY,1.694915254,2010
Washington DC,DIABETES,0.847457627,2010
Washington DC,CHILD USES INSULIN,0.847457627,2010
Washington DC,CYSTIC FIBROSIS,0,2010
Washington DC,MUSCULAR DYSTROPHY,0,2010
Delaware,ATTENTION DEFICIT DISORDER,48.86363636,2010
Delaware,ALLERGIES,46.59090909,2010
Delaware,EMOTIONAL PROBLEMS,32.95454545,2010
Delaware,ASTHMA,29.54545455,2010
Delaware,AUTISM,23.86363636,2010
Delaware,MIGRAINE OR FREQUENT HEADACHES,17.04545455,2010
Delaware,FOOD ALLERGIES,13.63636364,2010
Delaware,MENTAL RETARDATION,11.36363636,2010
Delaware,HEART PROBLEM,6.818181818,2010
Delaware,JOINT PROBLEMS,5.681818182,2010
Delaware,SEIZURE DISORDER,4.545454545,2010
Delaware,DIABETES,3.409090909,2010
Delaware,CEREBRAL PALSY,3.409090909,2010
Delaware,DOWN SYNDROME,2.272727273,2010
Delaware,BLOOD PROBLEMS,1.136363636,2010
Delaware,CHILD USES INSULIN,0,2010
Delaware,CYSTIC FIBROSIS,0,2010
Delaware,MUSCULAR DYSTROPHY,0,2010
Florida,ALLERGIES,46.97674419,2010
Florida,ATTENTION DEFICIT DISORDER,42.79069767,2010
Florida,EMOTIONAL PROBLEMS,25.58139535,2010
Florida,ASTHMA,24.18604651,2010
Florida,AUTISM,18.13953488,2010
Florida,FOOD ALLERGIES,14.41860465,2010
Florida,MIGRAINE OR FREQUENT HEADACHES,12.55813953,2010
Florida,MENTAL RETARDATION,9.76744186,2010
Florida,SEIZURE DISORDER,6.976744186,2010
Florida,JOINT PROBLEMS,6.511627907,2010
Florida,CEREBRAL PALSY,4.651162791,2010
Florida,HEART PROBLEM,2.325581395,2010
Florida,CYSTIC FIBROSIS,2.325581395,2010
Florida,DIABETES,1.860465116,2010
Florida,BLOOD PROBLEMS,1.860465116,2010
Florida,CHILD USES INSULIN,1.395348837,2010
Florida,DOWN SYNDROME,0.930232558,2010
Florida,MUSCULAR DYSTROPHY,0.930232558,2010
Georgia,ALLERGIES,50,2010
Georgia,ATTENTION DEFICIT DISORDER,37.85714286,2010
Georgia,ASTHMA,36.42857143,2010
Georgia,AUTISM,25,2010
Georgia,EMOTIONAL PROBLEMS,20.71428571,2010
Georgia,MIGRAINE OR FREQUENT HEADACHES,14.28571429,2010
Georgia,FOOD ALLERGIES,12.85714286,2010
Georgia,MENTAL RETARDATION,11.42857143,2010
Georgia,JOINT PROBLEMS,5.714285714,2010
Georgia,SEIZURE DISORDER,5,2010
Georgia,BLOOD PROBLEMS,4.285714286,2010
Georgia,DIABETES,2.142857143,2010
Georgia,HEART PROBLEM,2.142857143,2010
Georgia,CEREBRAL PALSY,2.142857143,2010
Georgia,CHILD USES INSULIN,1.428571429,2010
Georgia,DOWN SYNDROME,0,2010
Georgia,CYSTIC FIBROSIS,0,2010
Georgia,MUSCULAR DYSTROPHY,0,2010
Hawaii,ALLERGIES,48.24561404,2010
Hawaii,ATTENTION DEFICIT DISORDER,42.10526316,2010
Hawaii,EMOTIONAL PROBLEMS,35.96491228,2010
Hawaii,ASTHMA,31.57894737,2010
Hawaii,AUTISM,22.80701754,2010
Hawaii,MIGRAINE OR FREQUENT HEADACHES,18.42105263,2010
Hawaii,FOOD ALLERGIES,18.42105263,2010
Hawaii,MENTAL RETARDATION,10.52631579,2010
Hawaii,SEIZURE DISORDER,4.385964912,2010
Hawaii,HEART PROBLEM,2.631578947,2010
Hawaii,DIABETES,0.877192982,2010
Hawaii,BLOOD PROBLEMS,0.877192982,2010
Hawaii,JOINT PROBLEMS,0.877192982,2010
Hawaii,DOWN SYNDROME,0,2010
Hawaii,CHILD USES INSULIN,0,2010
Hawaii,CYSTIC FIBROSIS,0,2010
Hawaii,CEREBRAL PALSY,0,2010
Hawaii,MUSCULAR DYSTROPHY,0,2010
Iowa,ALLERGIES,49.41176471,2010
Iowa,ATTENTION DEFICIT DISORDER,37.64705882,2010
Iowa,ASTHMA,30.58823529,2010
Iowa,EMOTIONAL PROBLEMS,23.52941176,2010
Iowa,AUTISM,15.29411765,2010
Iowa,MIGRAINE OR FREQUENT HEADACHES,14.11764706,2010
Iowa,FOOD ALLERGIES,8.235294118,2010
Iowa,MENTAL RETARDATION,7.058823529,2010
Iowa,DIABETES,7.058823529,2010
Iowa,HEART PROBLEM,5.882352941,2010
Iowa,CHILD USES INSULIN,4.705882353,2010
Iowa,SEIZURE DISORDER,2.352941176,2010
Iowa,JOINT PROBLEMS,2.352941176,2010
Iowa,DOWN SYNDROME,0,2010
Iowa,BLOOD PROBLEMS,0,2010
Iowa,CYSTIC FIBROSIS,0,2010
Iowa,CEREBRAL PALSY,0,2010
Iowa,MUSCULAR DYSTROPHY,0,2010
Idaho,ALLERGIES,37.66233766,2010
Idaho,ATTENTION DEFICIT DISORDER,36.36363636,2010
Idaho,ASTHMA,24.67532468,2010
Idaho,AUTISM,20.12987013,2010
Idaho,EMOTIONAL PROBLEMS,18.18181818,2010
Idaho,MIGRAINE OR FREQUENT HEADACHES,14.93506494,2010
Idaho,FOOD ALLERGIES,13.63636364,2010
Idaho,MENTAL RETARDATION,10.38961039,2010
Idaho,SEIZURE DISORDER,7.142857143,2010
Idaho,JOINT PROBLEMS,5.194805195,2010
Idaho,HEART PROBLEM,2.597402597,2010
Idaho,DIABETES,1.948051948,2010
Idaho,CEREBRAL PALSY,1.948051948,2010
Idaho,BLOOD PROBLEMS,1.298701299,2010
Idaho,CHILD USES INSULIN,0.649350649,2010
Idaho,DOWN SYNDROME,0,2010
Idaho,CYSTIC FIBROSIS,0,2010
Idaho,MUSCULAR DYSTROPHY,0,2010
Illinois,ALLERGIES,42.06896552,2010
Illinois,ATTENTION DEFICIT DISORDER,37.93103448,2010
Illinois,AUTISM,26.89655172,2010
Illinois,ASTHMA,18.62068966,2010
Illinois,EMOTIONAL PROBLEMS,17.24137931,2010
Illinois,FOOD ALLERGIES,13.10344828,2010
Illinois,MIGRAINE OR FREQUENT HEADACHES,12.4137931,2010
Illinois,MENTAL RETARDATION,7.586206897,2010
Illinois,SEIZURE DISORDER,4.137931034,2010
Illinois,JOINT PROBLEMS,2.75862069,2010
Illinois,DIABETES,2.068965517,2010
Illinois,BLOOD PROBLEMS,2.068965517,2010
Illinois,HEART PROBLEM,1.379310345,2010
Illinois,CEREBRAL PALSY,1.379310345,2010
Illinois,DOWN SYNDROME,0.689655172,2010
Illinois,CHILD USES INSULIN,0.689655172,2010
Illinois,CYSTIC FIBROSIS,0,2010
Illinois,MUSCULAR DYSTROPHY,0,2010
Indiana,ALLERGIES,50.3649635,2010
Indiana,ATTENTION DEFICIT DISORDER,38.68613139,2010
Indiana,ASTHMA,29.19708029,2010
Indiana,EMOTIONAL PROBLEMS,26.27737226,2010
Indiana,AUTISM,19.7080292,2010
Indiana,MIGRAINE OR FREQUENT HEADACHES,17.51824818,2010
Indiana,FOOD ALLERGIES,10.94890511,2010
Indiana,MENTAL RETARDATION,8.02919708,2010
Indiana,SEIZURE DISORDER,4.379562044,2010
Indiana,JOINT PROBLEMS,4.379562044,2010
Indiana,HEART PROBLEM,2.919708029,2010
Indiana,CEREBRAL PALSY,2.919708029,2010
Indiana,DOWN SYNDROME,0.729927007,2010
Indiana,DIABETES,0.729927007,2010
Indiana,CHILD USES INSULIN,0.729927007,2010
Indiana,BLOOD PROBLEMS,0.729927007,2010
Indiana,CYSTIC FIBROSIS,0,2010
Indiana,MUSCULAR DYSTROPHY,0,2010
Kansas,ALLERGIES,42.47787611,2010
Kansas,ATTENTION DEFICIT DISORDER,38.9380531,2010
Kansas,ASTHMA,25.66371681,2010
Kansas,EMOTIONAL PROBLEMS,22.12389381,2010
Kansas,AUTISM,17.69911504,2010
Kansas,FOOD ALLERGIES,11.50442478,2010
Kansas,MENTAL RETARDATION,9.734513274,2010
Kansas,MIGRAINE OR FREQUENT HEADACHES,9.734513274,2010
Kansas,JOINT PROBLEMS,6.194690265,2010
Kansas,DIABETES,2.654867257,2010
Kansas,HEART PROBLEM,2.654867257,2010
Kansas,SEIZURE DISORDER,2.654867257,2010
Kansas,DOWN SYNDROME,1.769911504,2010
Kansas,CHILD USES INSULIN,1.769911504,2010
Kansas,BLOOD PROBLEMS,0.884955752,2010
Kansas,CEREBRAL PALSY,0.884955752,2010
Kansas,CYSTIC FIBROSIS,0,2010
Kansas,MUSCULAR DYSTROPHY,0,2010
Kentucky,ALLERGIES,61.40350877,2010
Kentucky,ATTENTION DEFICIT DISORDER,34.21052632,2010
Kentucky,ASTHMA,27.19298246,2010
Kentucky,EMOTIONAL PROBLEMS,21.92982456,2010
Kentucky,MIGRAINE OR FREQUENT HEADACHES,18.42105263,2010
Kentucky,AUTISM,16.66666667,2010
Kentucky,FOOD ALLERGIES,12.28070175,2010
Kentucky,MENTAL RETARDATION,10.52631579,2010
Kentucky,SEIZURE DISORDER,8.771929825,2010
Kentucky,HEART PROBLEM,7.01754386,2010
Kentucky,JOINT PROBLEMS,6.140350877,2010
Kentucky,DOWN SYNDROME,2.631578947,2010
Kentucky,CEREBRAL PALSY,1.754385965,2010
Kentucky,MUSCULAR DYSTROPHY,1.754385965,2010
Kentucky,BLOOD PROBLEMS,0.877192982,2010
Kentucky,DIABETES,0,2010
Kentucky,CHILD USES INSULIN,0,2010
Kentucky,CYSTIC FIBROSIS,0,2010
Louisiana,ALLERGIES,53.96825397,2010
Louisiana,ATTENTION DEFICIT DISORDER,43.65079365,2010
Louisiana,EMOTIONAL PROBLEMS,29.36507937,2010
Louisiana,ASTHMA,23.80952381,2010
Louisiana,AUTISM,22.22222222,2010
Louisiana,MIGRAINE OR FREQUENT HEADACHES,19.04761905,2010
Louisiana,FOOD ALLERGIES,17.46031746,2010
Louisiana,MENTAL RETARDATION,11.9047619,2010
Louisiana,JOINT PROBLEMS,5.555555556,2010
Louisiana,HEART PROBLEM,3.174603175,2010
Louisiana,SEIZURE DISORDER,3.174603175,2010
Louisiana,DOWN SYNDROME,1.587301587,2010
Louisiana,BLOOD PROBLEMS,1.587301587,2010
Louisiana,CEREBRAL PALSY,1.587301587,2010
Louisiana,DIABETES,0.793650794,2010
Louisiana,CHILD USES INSULIN,0,2010
Louisiana,CYSTIC FIBROSIS,0,2010
Louisiana,MUSCULAR DYSTROPHY,0,2010
Massachusetts,ATTENTION DEFICIT DISORDER,48.71794872,2010
Massachusetts,ALLERGIES,36.75213675,2010
Massachusetts,EMOTIONAL PROBLEMS,25.64102564,2010
Massachusetts,ASTHMA,23.93162393,2010
Massachusetts,AUTISM,21.36752137,2010
Massachusetts,FOOD ALLERGIES,14.52991453,2010
Massachusetts,MIGRAINE OR FREQUENT HEADACHES,11.11111111,2010
Massachusetts,MENTAL RETARDATION,9.401709402,2010
Massachusetts,JOINT PROBLEMS,5.128205128,2010
Massachusetts,SEIZURE DISORDER,3.418803419,2010
Massachusetts,DIABETES,2.564102564,2010
Massachusetts,BLOOD PROBLEMS,2.564102564,2010
Massachusetts,CEREBRAL PALSY,2.564102564,2010
Massachusetts,DOWN SYNDROME,1.709401709,2010
Massachusetts,CHILD USES INSULIN,1.709401709,2010
Massachusetts,HEART PROBLEM,1.709401709,2010
Massachusetts,CYSTIC FIBROSIS,0,2010
Massachusetts,MUSCULAR DYSTROPHY,0,2010
Maryland,ATTENTION DEFICIT DISORDER,52.34375,2010
Maryland,ALLERGIES,51.5625,2010
Maryland,ASTHMA,32.8125,2010
Maryland,EMOTIONAL PROBLEMS,31.25,2010
Maryland,AUTISM,16.40625,2010
Maryland,FOOD ALLERGIES,16.40625,2010
Maryland,MIGRAINE OR FREQUENT HEADACHES,15.625,2010
Maryland,MENTAL RETARDATION,4.6875,2010
Maryland,BLOOD PROBLEMS,3.125,2010
Maryland,DIABETES,2.34375,2010
Maryland,JOINT PROBLEMS,2.34375,2010
Maryland,CHILD USES INSULIN,1.5625,2010
Maryland,CEREBRAL PALSY,1.5625,2010
Maryland,SEIZURE DISORDER,1.5625,2010
Maryland,DOWN SYNDROME,0,2010
Maryland,HEART PROBLEM,0,2010
Maryland,CYSTIC FIBROSIS,0,2010
Maryland,MUSCULAR DYSTROPHY,0,2010
Maine,ATTENTION DEFICIT DISORDER,41.58415842,2010
Maine,ALLERGIES,38.61386139,2010
Maine,ASTHMA,25.74257426,2010
Maine,AUTISM,25.74257426,2010
Maine,EMOTIONAL PROBLEMS,17.82178218,2010
Maine,MIGRAINE OR FREQUENT HEADACHES,13.86138614,2010
Maine,FOOD ALLERGIES,7.920792079,2010
Maine,MENTAL RETARDATION,6.930693069,2010
Maine,JOINT PROBLEMS,6.930693069,2010
Maine,HEART PROBLEM,3.96039604,2010
Maine,DIABETES,2.97029703,2010
Maine,BLOOD PROBLEMS,1.98019802,2010
Maine,SEIZURE DISORDER,1.98019802,2010
Maine,CHILD USES INSULIN,0.99009901,2010
Maine,CYSTIC FIBROSIS,0.99009901,2010
Maine,CEREBRAL PALSY,0.99009901,2010
Maine,DOWN SYNDROME,0,2010
Maine,MUSCULAR DYSTROPHY,0,2010
Michigan,ALLERGIES,46.21212121,2010
Michigan,ATTENTION DEFICIT DISORDER,38.63636364,2010
Michigan,EMOTIONAL PROBLEMS,26.51515152,2010
Michigan,ASTHMA,24.24242424,2010
Michigan,MIGRAINE OR FREQUENT HEADACHES,20.45454545,2010
Michigan,AUTISM,16.66666667,2010
Michigan,FOOD ALLERGIES,12.87878788,2010
Michigan,MENTAL RETARDATION,9.090909091,2010
Michigan,HEART PROBLEM,6.818181818,2010
Michigan,SEIZURE DISORDER,5.303030303,2010
Michigan,BLOOD PROBLEMS,2.272727273,2010
Michigan,JOINT PROBLEMS,2.272727273,2010
Michigan,DOWN SYNDROME,1.515151515,2010
Michigan,MUSCULAR DYSTROPHY,1.515151515,2010
Michigan,DIABETES,0.757575758,2010
Michigan,CHILD USES INSULIN,0.757575758,2010
Michigan,CEREBRAL PALSY,0.757575758,2010
Michigan,CYSTIC FIBROSIS,0,2010
Minnesota,ATTENTION DEFICIT DISORDER,41,2010
Minnesota,ALLERGIES,39,2010
Minnesota,ASTHMA,26,2010
Minnesota,EMOTIONAL PROBLEMS,25,2010
Minnesota,MIGRAINE OR FREQUENT HEADACHES,23,2010
Minnesota,AUTISM,21,2010
Minnesota,FOOD ALLERGIES,13,2010
Minnesota,MENTAL RETARDATION,10,2010
Minnesota,HEART PROBLEM,4,2010
Minnesota,JOINT PROBLEMS,4,2010
Minnesota,SEIZURE DISORDER,3,2010
Minnesota,DIABETES,2,2010
Minnesota,CHILD USES INSULIN,2,2010
Minnesota,CEREBRAL PALSY,2,2010
Minnesota,BLOOD PROBLEMS,1,2010
Minnesota,DOWN SYNDROME,0,2010
Minnesota,CYSTIC FIBROSIS,0,2010
Minnesota,MUSCULAR DYSTROPHY,0,2010
Missouri,ALLERGIES,51.79856115,2010
Missouri,ATTENTION DEFICIT DISORDER,45.32374101,2010
Missouri,EMOTIONAL PROBLEMS,30.21582734,2010
Missouri,ASTHMA,24.46043165,2010
Missouri,AUTISM,19.42446043,2010
Missouri,MENTAL RETARDATION,15.10791367,2010
Missouri,MIGRAINE OR FREQUENT HEADACHES,15.10791367,2010
Missouri,FOOD ALLERGIES,10.79136691,2010
Missouri,SEIZURE DISORDER,6.474820144,2010
Missouri,CEREBRAL PALSY,3.597122302,2010
Missouri,JOINT PROBLEMS,3.597122302,2010
Missouri,HEART PROBLEM,2.877697842,2010
Missouri,DIABETES,2.158273381,2010
Missouri,CHILD USES INSULIN,2.158273381,2010
Missouri,BLOOD PROBLEMS,0.71942446,2010
Missouri,DOWN SYNDROME,0,2010
Missouri,CYSTIC FIBROSIS,0,2010
Missouri,MUSCULAR DYSTROPHY,0,2010
Mississippi,ALLERGIES,50.94339623,2010
Mississippi,ASTHMA,37.73584906,2010
Mississippi,ATTENTION DEFICIT DISORDER,37.10691824,2010
Mississippi,EMOTIONAL PROBLEMS,29.55974843,2010
Mississippi,MIGRAINE OR FREQUENT HEADACHES,15.72327044,2010
Mississippi,AUTISM,11.94968553,2010
Mississippi,MENTAL RETARDATION,11.32075472,2010
Mississippi,FOOD ALLERGIES,9.433962264,2010
Mississippi,JOINT PROBLEMS,5.031446541,2010
Mississippi,BLOOD PROBLEMS,3.773584906,2010
Mississippi,DIABETES,3.144654088,2010
Mississippi,SEIZURE DISORDER,3.144654088,2010
Mississippi,HEART PROBLEM,1.886792453,2010
Mississippi,CEREBRAL PALSY,1.886792453,2010
Mississippi,CHILD USES INSULIN,1.257861635,2010
Mississippi,MUSCULAR DYSTROPHY,1.257861635,2010
Mississippi,DOWN SYNDROME,0.628930818,2010
Mississippi,CYSTIC FIBROSIS,0.628930818,2010
Montana,ALLERGIES,41.52046784,2010
Montana,ATTENTION DEFICIT DISORDER,36.84210526,2010
Montana,ASTHMA,28.65497076,2010
Montana,EMOTIONAL PROBLEMS,22.22222222,2010
Montana,MIGRAINE OR FREQUENT HEADACHES,15.78947368,2010
Montana,FOOD ALLERGIES,14.03508772,2010
Montana,AUTISM,12.86549708,2010
Montana,MENTAL RETARDATION,7.602339181,2010
Montana,JOINT PROBLEMS,5.263157895,2010
Montana,DIABETES,2.923976608,2010
Montana,CHILD USES INSULIN,2.923976608,2010
Montana,HEART PROBLEM,2.339181287,2010
Montana,CEREBRAL PALSY,1.754385965,2010
Montana,SEIZURE DISORDER,1.754385965,2010
Montana,BLOOD PROBLEMS,1.169590643,2010
Montana,DOWN SYNDROME,0.584795322,2010
Montana,CYSTIC FIBROSIS,0,2010
Montana,MUSCULAR DYSTROPHY,0,2010
North Carolina,ALLERGIES,52.89855072,2010
North Carolina,ATTENTION DEFICIT DISORDER,45.65217391,2010
North Carolina,ASTHMA,31.88405797,2010
North Carolina,EMOTIONAL PROBLEMS,24.63768116,2010
North Carolina,MIGRAINE OR FREQUENT HEADACHES,20.28985507,2010
North Carolina,AUTISM,17.39130435,2010
North Carolina,FOOD ALLERGIES,13.04347826,2010
North Carolina,JOINT PROBLEMS,8.695652174,2010
North Carolina,MENTAL RETARDATION,5.797101449,2010
North Carolina,SEIZURE DISORDER,5.072463768,2010
North Carolina,HEART PROBLEM,2.898550725,2010
North Carolina,CEREBRAL PALSY,2.173913043,2010
North Carolina,DIABETES,1.449275362,2010
North Carolina,CHILD USES INSULIN,0.724637681,2010
North Carolina,BLOOD PROBLEMS,0.724637681,2010
North Carolina,DOWN SYNDROME,0,2010
North Carolina,CYSTIC FIBROSIS,0,2010
North Carolina,MUSCULAR DYSTROPHY,0,2010
North Dakota,ATTENTION DEFICIT DISORDER,47.36842105,2010
North Dakota,ALLERGIES,34.73684211,2010
North Dakota,ASTHMA,26.31578947,2010
North Dakota,EMOTIONAL PROBLEMS,21.05263158,2010
North Dakota,MIGRAINE OR FREQUENT HEADACHES,17.89473684,2010
North Dakota,AUTISM,14.73684211,2010
North Dakota,FOOD ALLERGIES,8.421052632,2010
North Dakota,MENTAL RETARDATION,7.368421053,2010
North Dakota,HEART PROBLEM,6.315789474,2010
North Dakota,JOINT PROBLEMS,5.263157895,2010
North Dakota,DIABETES,2.105263158,2010
North Dakota,BLOOD PROBLEMS,2.105263158,2010
North Dakota,CHILD USES INSULIN,1.052631579,2010
North Dakota,CEREBRAL PALSY,1.052631579,2010
North Dakota,MUSCULAR DYSTROPHY,1.052631579,2010
North Dakota,SEIZURE DISORDER,1.052631579,2010
North Dakota,DOWN SYNDROME,0,2010
North Dakota,CYSTIC FIBROSIS,0,2010
Nebraska,ALLERGIES,46.49122807,2010
Nebraska,ATTENTION DEFICIT DISORDER,36.84210526,2010
Nebraska,ASTHMA,27.19298246,2010
Nebraska,EMOTIONAL PROBLEMS,25.43859649,2010
Nebraska,MIGRAINE OR FREQUENT HEADACHES,21.92982456,2010
Nebraska,FOOD ALLERGIES,11.40350877,2010
Nebraska,AUTISM,10.52631579,2010
Nebraska,MENTAL RETARDATION,8.771929825,2010
Nebraska,DIABETES,7.01754386,2010
Nebraska,CHILD USES INSULIN,5.263157895,2010
Nebraska,JOINT PROBLEMS,4.385964912,2010
Nebraska,HEART PROBLEM,2.631578947,2010
Nebraska,SEIZURE DISORDER,2.631578947,2010
Nebraska,BLOOD PROBLEMS,1.754385965,2010
Nebraska,DOWN SYNDROME,0.877192982,2010
Nebraska,CYSTIC FIBROSIS,0.877192982,2010
Nebraska,MUSCULAR DYSTROPHY,0.877192982,2010
Nebraska,CEREBRAL PALSY,0,2010
New Hampshire,ALLERGIES,53.53535354,2010
New Hampshire,ATTENTION DEFICIT DISORDER,39.39393939,2010
New Hampshire,ASTHMA,38.38383838,2010
New Hampshire,AUTISM,28.28282828,2010
New Hampshire,EMOTIONAL PROBLEMS,22.22222222,2010
New Hampshire,MIGRAINE OR FREQUENT HEADACHES,22.22222222,2010
New Hampshire,FOOD ALLERGIES,18.18181818,2010
New Hampshire,MENTAL RETARDATION,7.070707071,2010
New Hampshire,JOINT PROBLEMS,6.060606061,2010
New Hampshire,SEIZURE DISORDER,5.050505051,2010
New Hampshire,HEART PROBLEM,4.04040404,2010
New Hampshire,BLOOD PROBLEMS,2.02020202,2010
New Hampshire,DOWN SYNDROME,1.01010101,2010
New Hampshire,DIABETES,0,2010
New Hampshire,CHILD USES INSULIN,0,2010
New Hampshire,CYSTIC FIBROSIS,0,2010
New Hampshire,CEREBRAL PALSY,0,2010
New Hampshire,MUSCULAR DYSTROPHY,0,2010
New Jersey,ALLERGIES,42.5,2010
New Jersey,ATTENTION DEFICIT DISORDER,41.25,2010
New Jersey,AUTISM,27.5,2010
New Jersey,ASTHMA,26.25,2010
New Jersey,EMOTIONAL PROBLEMS,24.375,2010
New Jersey,FOOD ALLERGIES,16.25,2010
New Jersey,MIGRAINE OR FREQUENT HEADACHES,9.375,2010
New Jersey,MENTAL RETARDATION,8.75,2010
New Jersey,SEIZURE DISORDER,5,2010
New Jersey,HEART PROBLEM,2.5,2010
New Jersey,BLOOD PROBLEMS,2.5,2010
New Jersey,DOWN SYNDROME,1.875,2010
New Jersey,CEREBRAL PALSY,1.875,2010
New Jersey,JOINT PROBLEMS,1.875,2010
New Jersey,DIABETES,1.25,2010
New Jersey,CHILD USES INSULIN,0.625,2010
New Jersey,MUSCULAR DYSTROPHY,0.625,2010
New Jersey,CYSTIC FIBROSIS,0,2010
New Mexico,ALLERGIES,49.71098266,2010
New Mexico,ATTENTION DEFICIT DISORDER,37.57225434,2010
New Mexico,ASTHMA,30.63583815,2010
New Mexico,EMOTIONAL PROBLEMS,24.27745665,2010
New Mexico,MIGRAINE OR FREQUENT HEADACHES,18.49710983,2010
New Mexico,FOOD ALLERGIES,13.29479769,2010
New Mexico,AUTISM,10.98265896,2010
New Mexico,MENTAL RETARDATION,9.826589595,2010
New Mexico,JOINT PROBLEMS,5.780346821,2010
New Mexico,SEIZURE DISORDER,4.624277457,2010
New Mexico,CEREBRAL PALSY,4.046242775,2010
New Mexico,DIABETES,1.734104046,2010
New Mexico,HEART PROBLEM,1.734104046,2010
New Mexico,CHILD USES INSULIN,1.156069364,2010
New Mexico,DOWN SYNDROME,0.578034682,2010
New Mexico,CYSTIC FIBROSIS,0.578034682,2010
New Mexico,MUSCULAR DYSTROPHY,0.578034682,2010
New Mexico,BLOOD PROBLEMS,0,2010
Nevada,ALLERGIES,49.5049505,2010
Nevada,ASTHMA,29.7029703,2010
Nevada,ATTENTION DEFICIT DISORDER,29.7029703,2010
Nevada,EMOTIONAL PROBLEMS,27.22772277,2010
Nevada,AUTISM,24.75247525,2010
Nevada,FOOD ALLERGIES,16.83168317,2010
Nevada,MIGRAINE OR FREQUENT HEADACHES,16.33663366,2010
Nevada,MENTAL RETARDATION,12.37623762,2010
Nevada,SEIZURE DISORDER,4.95049505,2010
Nevada,HEART PROBLEM,4.455445545,2010
Nevada,JOINT PROBLEMS,4.455445545,2010
Nevada,CEREBRAL PALSY,2.475247525,2010
Nevada,BLOOD PROBLEMS,1.98019802,2010
Nevada,DOWN SYNDROME,1.485148515,2010
Nevada,DIABETES,0.99009901,2010
Nevada,CHILD USES INSULIN,0.99009901,2010
Nevada,CYSTIC FIBROSIS,0.495049505,2010
Nevada,MUSCULAR DYSTROPHY,0.495049505,2010
New York ,ALLERGIES,40.52287582,2010
New York ,ATTENTION DEFICIT DISORDER,36.60130719,2010
New York ,ASTHMA,30.06535948,2010
New York ,EMOTIONAL PROBLEMS,26.14379085,2010
New York ,AUTISM,15.68627451,2010
New York ,FOOD ALLERGIES,13.07189542,2010
New York ,MIGRAINE OR FREQUENT HEADACHES,11.76470588,2010
New York ,MENTAL RETARDATION,11.11111111,2010
New York ,CEREBRAL PALSY,4.575163399,2010
New York ,DIABETES,3.921568627,2010
New York ,CHILD USES INSULIN,3.267973856,2010
New York ,JOINT PROBLEMS,2.614379085,2010
New York ,DOWN SYNDROME,1.960784314,2010
New York ,BLOOD PROBLEMS,1.960784314,2010
New York ,SEIZURE DISORDER,1.960784314,2010
New York ,HEART PROBLEM,0.653594771,2010
New York ,MUSCULAR DYSTROPHY,0.653594771,2010
New York ,CYSTIC FIBROSIS,0,2010
Ohio,ATTENTION DEFICIT DISORDER,42.85714286,2010
Ohio,ALLERGIES,40.33613445,2010
Ohio,ASTHMA,25.21008403,2010
Ohio,EMOTIONAL PROBLEMS,24.3697479,2010
Ohio,MIGRAINE OR FREQUENT HEADACHES,16.80672269,2010
Ohio,AUTISM,15.12605042,2010
Ohio,FOOD ALLERGIES,11.76470588,2010
Ohio,JOINT PROBLEMS,9.243697479,2010
Ohio,MENTAL RETARDATION,7.56302521,2010
Ohio,HEART PROBLEM,4.201680672,2010
Ohio,DOWN SYNDROME,3.361344538,2010
Ohio,DIABETES,2.521008403,2010
Ohio,CHILD USES INSULIN,2.521008403,2010
Ohio,CEREBRAL PALSY,1.680672269,2010
Ohio,SEIZURE DISORDER,1.680672269,2010
Ohio,MUSCULAR DYSTROPHY,0.840336134,2010
Ohio,BLOOD PROBLEMS,0,2010
Ohio,CYSTIC FIBROSIS,0,2010
Oklahoma,ALLERGIES,58.33333333,2010
Oklahoma,ATTENTION DEFICIT DISORDER,40.27777778,2010
Oklahoma,ASTHMA,34.02777778,2010
Oklahoma,EMOTIONAL PROBLEMS,25,2010
Oklahoma,MIGRAINE OR FREQUENT HEADACHES,22.22222222,2010
Oklahoma,AUTISM,13.19444444,2010
Oklahoma,FOOD ALLERGIES,12.5,2010
Oklahoma,MENTAL RETARDATION,11.11111111,2010
Oklahoma,JOINT PROBLEMS,8.333333333,2010
Oklahoma,DIABETES,3.472222222,2010
Oklahoma,HEART PROBLEM,3.472222222,2010
Oklahoma,SEIZURE DISORDER,2.777777778,2010
Oklahoma,DOWN SYNDROME,1.388888889,2010
Oklahoma,CHILD USES INSULIN,1.388888889,2010
Oklahoma,BLOOD PROBLEMS,1.388888889,2010
Oklahoma,CEREBRAL PALSY,0.694444444,2010
Oklahoma,CYSTIC FIBROSIS,0,2010
Oklahoma,MUSCULAR DYSTROPHY,0,2010
Oregon,ATTENTION DEFICIT DISORDER,35.35911602,2010
Oregon,ALLERGIES,35.35911602,2010
Oregon,AUTISM,27.0718232,2010
Oregon,ASTHMA,25.41436464,2010
Oregon,EMOTIONAL PROBLEMS,21.54696133,2010
Oregon,MIGRAINE OR FREQUENT HEADACHES,14.36464088,2010
Oregon,FOOD ALLERGIES,11.60220994,2010
Oregon,MENTAL RETARDATION,9.944751381,2010
Oregon,SEIZURE DISORDER,4.419889503,2010
Oregon,JOINT PROBLEMS,2.209944751,2010
Oregon,HEART PROBLEM,1.657458564,2010
Oregon,BLOOD PROBLEMS,1.657458564,2010
Oregon,CEREBRAL PALSY,1.657458564,2010
Oregon,DIABETES,1.104972376,2010
Oregon,DOWN SYNDROME,0.552486188,2010
Oregon,CHILD USES INSULIN,0.552486188,2010
Oregon,CYSTIC FIBROSIS,0.552486188,2010
Oregon,MUSCULAR DYSTROPHY,0,2010
Pennsylvania,ATTENTION DEFICIT DISORDER,54.36893204,2010
Pennsylvania,ALLERGIES,42.7184466,2010
Pennsylvania,ASTHMA,30.09708738,2010
Pennsylvania,EMOTIONAL PROBLEMS,28.15533981,2010
Pennsylvania,AUTISM,20.38834951,2010
Pennsylvania,MENTAL RETARDATION,20.38834951,2010
Pennsylvania,MIGRAINE OR FREQUENT HEADACHES,19.41747573,2010
Pennsylvania,FOOD ALLERGIES,11.65048544,2010
Pennsylvania,HEART PROBLEM,3.883495146,2010
Pennsylvania,SEIZURE DISORDER,3.883495146,2010
Pennsylvania,JOINT PROBLEMS,3.883495146,2010
Pennsylvania,CEREBRAL PALSY,2.912621359,2010
Pennsylvania,DOWN SYNDROME,1.941747573,2010
Pennsylvania,DIABETES,0.970873786,2010
Pennsylvania,CHILD USES INSULIN,0.970873786,2010
Pennsylvania,BLOOD PROBLEMS,0.970873786,2010
Pennsylvania,CYSTIC FIBROSIS,0,2010
Pennsylvania,MUSCULAR DYSTROPHY,0,2010
Rhode Island,ALLERGIES,49.54954955,2010
Rhode Island,ATTENTION DEFICIT DISORDER,46.84684685,2010
Rhode Island,ASTHMA,28.82882883,2010
Rhode Island,EMOTIONAL PROBLEMS,27.92792793,2010
Rhode Island,AUTISM,25.22522523,2010
Rhode Island,MIGRAINE OR FREQUENT HEADACHES,22.52252252,2010
Rhode Island,MENTAL RETARDATION,14.41441441,2010
Rhode Island,FOOD ALLERGIES,10.81081081,2010
Rhode Island,JOINT PROBLEMS,9.90990991,2010
Rhode Island,DIABETES,2.702702703,2010
Rhode Island,CHILD USES INSULIN,2.702702703,2010
Rhode Island,SEIZURE DISORDER,2.702702703,2010
Rhode Island,HEART PROBLEM,1.801801802,2010
Rhode Island,CEREBRAL PALSY,1.801801802,2010
Rhode Island,DOWN SYNDROME,0,2010
Rhode Island,BLOOD PROBLEMS,0,2010
Rhode Island,CYSTIC FIBROSIS,0,2010
Rhode Island,MUSCULAR DYSTROPHY,0,2010
South Carolina,ATTENTION DEFICIT DISORDER,48.0620155,2010
South Carolina,ALLERGIES,46.51162791,2010
South Carolina,EMOTIONAL PROBLEMS,24.03100775,2010
South Carolina,ASTHMA,22.48062016,2010
South Carolina,MIGRAINE OR FREQUENT HEADACHES,20.93023256,2010
South Carolina,AUTISM,11.62790698,2010
South Carolina,JOINT PROBLEMS,8.527131783,2010
South Carolina,FOOD ALLERGIES,8.527131783,2010
South Carolina,MENTAL RETARDATION,5.426356589,2010
South Carolina,HEART PROBLEM,3.100775194,2010
South Carolina,BLOOD PROBLEMS,3.100775194,2010
South Carolina,SEIZURE DISORDER,3.100775194,2010
South Carolina,DIABETES,1.550387597,2010
South Carolina,CHILD USES INSULIN,0.775193798,2010
South Carolina,CEREBRAL PALSY,0.775193798,2010
South Carolina,DOWN SYNDROME,0,2010
South Carolina,CYSTIC FIBROSIS,0,2010
South Carolina,MUSCULAR DYSTROPHY,0,2010
South Dakota,ALLERGIES,44.35483871,2010
South Dakota,ATTENTION DEFICIT DISORDER,33.06451613,2010
South Dakota,ASTHMA,24.19354839,2010
South Dakota,EMOTIONAL PROBLEMS,14.51612903,2010
South Dakota,FOOD ALLERGIES,14.51612903,2010
South Dakota,AUTISM,13.70967742,2010
South Dakota,MIGRAINE OR FREQUENT HEADACHES,13.70967742,2010
South Dakota,MENTAL RETARDATION,8.870967742,2010
South Dakota,JOINT PROBLEMS,6.451612903,2010
South Dakota,SEIZURE DISORDER,4.838709677,2010
South Dakota,DIABETES,4.032258065,2010
South Dakota,CHILD USES INSULIN,3.225806452,2010
South Dakota,HEART PROBLEM,1.612903226,2010
South Dakota,BLOOD PROBLEMS,1.612903226,2010
South Dakota,CEREBRAL PALSY,0.806451613,2010
South Dakota,MUSCULAR DYSTROPHY,0.806451613,2010
South Dakota,DOWN SYNDROME,0,2010
South Dakota,CYSTIC FIBROSIS,0,2010
Tennessee,ALLERGIES,50,2010
Tennessee,ATTENTION DEFICIT DISORDER,49.19354839,2010
Tennessee,EMOTIONAL PROBLEMS,29.03225806,2010
Tennessee,MIGRAINE OR FREQUENT HEADACHES,27.41935484,2010
Tennessee,ASTHMA,20.96774194,2010
Tennessee,AUTISM,17.74193548,2010
Tennessee,MENTAL RETARDATION,17.74193548,2010
Tennessee,FOOD ALLERGIES,12.09677419,2010
Tennessee,JOINT PROBLEMS,7.258064516,2010
Tennessee,SEIZURE DISORDER,5.64516129,2010
Tennessee,HEART PROBLEM,4.032258065,2010
Tennessee,CEREBRAL PALSY,4.032258065,2010
Tennessee,DIABETES,3.225806452,2010
Tennessee,DOWN SYNDROME,2.419354839,2010
Tennessee,BLOOD PROBLEMS,1.612903226,2010
Tennessee,CHILD USES INSULIN,0.806451613,2010
Tennessee,CYSTIC FIBROSIS,0,2010
Tennessee,MUSCULAR DYSTROPHY,0,2010
Texas,ALLERGIES,61.84971098,2010
Texas,ATTENTION DEFICIT DISORDER,37.57225434,2010
Texas,ASTHMA,35.26011561,2010
Texas,EMOTIONAL PROBLEMS,24.85549133,2010
Texas,MIGRAINE OR FREQUENT HEADACHES,19.07514451,2010
Texas,AUTISM,17.34104046,2010
Texas,FOOD ALLERGIES,16.76300578,2010
Texas,MENTAL RETARDATION,12.71676301,2010
Texas,SEIZURE DISORDER,3.468208092,2010
Texas,HEART PROBLEM,2.89017341,2010
Texas,JOINT PROBLEMS,2.89017341,2010
Texas,CEREBRAL PALSY,2.312138728,2010
Texas,DIABETES,1.156069364,2010
Texas,DOWN SYNDROME,0.578034682,2010
Texas,CHILD USES INSULIN,0.578034682,2010
Texas,BLOOD PROBLEMS,0.578034682,2010
Texas,CYSTIC FIBROSIS,0.578034682,2010
Texas,MUSCULAR DYSTROPHY,0,2010
Utah,ATTENTION DEFICIT DISORDER,38.50574713,2010
Utah,ALLERGIES,37.93103448,2010
Utah,EMOTIONAL PROBLEMS,20.68965517,2010
Utah,ASTHMA,20.11494253,2010
Utah,AUTISM,20.11494253,2010
Utah,MIGRAINE OR FREQUENT HEADACHES,12.06896552,2010
Utah,MENTAL RETARDATION,11.49425287,2010
Utah,FOOD ALLERGIES,9.195402299,2010
Utah,HEART PROBLEM,4.022988506,2010
Utah,SEIZURE DISORDER,4.022988506,2010
Utah,DIABETES,2.873563218,2010
Utah,JOINT PROBLEMS,2.873563218,2010
Utah,DOWN SYNDROME,2.298850575,2010
Utah,CHILD USES INSULIN,1.724137931,2010
Utah,CEREBRAL PALSY,1.724137931,2010
Utah,BLOOD PROBLEMS,1.149425287,2010
Utah,MUSCULAR DYSTROPHY,1.149425287,2010
Utah,CYSTIC FIBROSIS,0.574712644,2010
Virginia,ATTENTION DEFICIT DISORDER,46.2184874,2010
Virginia,ALLERGIES,46.2184874,2010
Virginia,ASTHMA,24.3697479,2010
Virginia,EMOTIONAL PROBLEMS,23.52941176,2010
Virginia,MIGRAINE OR FREQUENT HEADACHES,19.32773109,2010
Virginia,AUTISM,18.48739496,2010
Virginia,FOOD ALLERGIES,13.44537815,2010
Virginia,MENTAL RETARDATION,9.243697479,2010
Virginia,JOINT PROBLEMS,7.56302521,2010
Virginia,HEART PROBLEM,5.882352941,2010
Virginia,BLOOD PROBLEMS,2.521008403,2010
Virginia,CEREBRAL PALSY,2.521008403,2010
Virginia,DOWN SYNDROME,1.680672269,2010
Virginia,SEIZURE DISORDER,1.680672269,2010
Virginia,DIABETES,0.840336134,2010
Virginia,CHILD USES INSULIN,0,2010
Virginia,CYSTIC FIBROSIS,0,2010
Virginia,MUSCULAR DYSTROPHY,0,2010
Vermont,ATTENTION DEFICIT DISORDER,47.77777778,2010
Vermont,ALLERGIES,42.22222222,2010
Vermont,ASTHMA,35.55555556,2010
Vermont,EMOTIONAL PROBLEMS,26.66666667,2010
Vermont,AUTISM,13.33333333,2010
Vermont,FOOD ALLERGIES,13.33333333,2010
Vermont,MIGRAINE OR FREQUENT HEADACHES,11.11111111,2010
Vermont,JOINT PROBLEMS,6.666666667,2010
Vermont,MENTAL RETARDATION,3.333333333,2010
Vermont,SEIZURE DISORDER,3.333333333,2010
Vermont,DIABETES,2.222222222,2010
Vermont,CHILD USES INSULIN,2.222222222,2010
Vermont,HEART PROBLEM,2.222222222,2010
Vermont,DOWN SYNDROME,0,2010
Vermont,BLOOD PROBLEMS,0,2010
Vermont,CYSTIC FIBROSIS,0,2010
Vermont,CEREBRAL PALSY,0,2010
Vermont,MUSCULAR DYSTROPHY,0,2010
Washington,ATTENTION DEFICIT DISORDER,51.4084507,2010
Washington,ALLERGIES,33.09859155,2010
Washington,EMOTIONAL PROBLEMS,31.69014085,2010
Washington,AUTISM,24.64788732,2010
Washington,MIGRAINE OR FREQUENT HEADACHES,22.53521127,2010
Washington,ASTHMA,18.30985915,2010
Washington,FOOD ALLERGIES,10.56338028,2010
Washington,MENTAL RETARDATION,6.338028169,2010
Washington,HEART PROBLEM,4.225352113,2010
Washington,SEIZURE DISORDER,4.225352113,2010
Washington,JOINT PROBLEMS,3.521126761,2010
Washington,CEREBRAL PALSY,2.112676056,2010
Washington,DIABETES,1.408450704,2010
Washington,CHILD USES INSULIN,0.704225352,2010
Washington,BLOOD PROBLEMS,0.704225352,2010
Washington,DOWN SYNDROME,0,2010
Washington,CYSTIC FIBROSIS,0,2010
Washington,MUSCULAR DYSTROPHY,0,2010
Wisconsin,ATTENTION DEFICIT DISORDER,44.61538462,2010
Wisconsin,ALLERGIES,40,2010
Wisconsin,ASTHMA,24.61538462,2010
Wisconsin,EMOTIONAL PROBLEMS,23.84615385,2010
Wisconsin,AUTISM,17.69230769,2010
Wisconsin,MIGRAINE OR FREQUENT HEADACHES,16.15384615,2010
Wisconsin,FOOD ALLERGIES,7.692307692,2010
Wisconsin,HEART PROBLEM,4.615384615,2010
Wisconsin,MENTAL RETARDATION,3.846153846,2010
Wisconsin,SEIZURE DISORDER,3.846153846,2010
Wisconsin,JOINT PROBLEMS,3.846153846,2010
Wisconsin,CEREBRAL PALSY,2.307692308,2010
Wisconsin,BLOOD PROBLEMS,1.538461538,2010
Wisconsin,DOWN SYNDROME,0,2010
Wisconsin,DIABETES,0,2010
Wisconsin,CHILD USES INSULIN,0,2010
Wisconsin,CYSTIC FIBROSIS,0,2010
Wisconsin,MUSCULAR DYSTROPHY,0,2010
West Virginia,ALLERGIES,55.03875969,2010
West Virginia,ATTENTION DEFICIT DISORDER,43.41085271,2010
West Virginia,ASTHMA,39.53488372,2010
West Virginia,EMOTIONAL PROBLEMS,27.90697674,2010
West Virginia,MIGRAINE OR FREQUENT HEADACHES,19.37984496,2010
West Virginia,AUTISM,17.05426357,2010
West Virginia,FOOD ALLERGIES,16.27906977,2010
West Virginia,MENTAL RETARDATION,13.17829457,2010
West Virginia,JOINT PROBLEMS,10.07751938,2010
West Virginia,SEIZURE DISORDER,5.426356589,2010
West Virginia,HEART PROBLEM,3.875968992,2010
West Virginia,DIABETES,3.100775194,2010
West Virginia,CHILD USES INSULIN,3.100775194,2010
West Virginia,CEREBRAL PALSY,3.100775194,2010
West Virginia,BLOOD PROBLEMS,2.325581395,2010
West Virginia,MUSCULAR DYSTROPHY,2.325581395,2010
West Virginia,DOWN SYNDROME,0,2010
West Virginia,CYSTIC FIBROSIS,0,2010
Wyoming,ALLERGIES,49.6350365,2010
Wyoming,ATTENTION DEFICIT DISORDER,31.38686131,2010
Wyoming,ASTHMA,30.65693431,2010
Wyoming,EMOTIONAL PROBLEMS,23.35766423,2010
Wyoming,MIGRAINE OR FREQUENT HEADACHES,16.78832117,2010
Wyoming,FOOD ALLERGIES,16.05839416,2010
Wyoming,AUTISM,11.67883212,2010
Wyoming,MENTAL RETARDATION,6.569343066,2010
Wyoming,SEIZURE DISORDER,5.839416058,2010
Wyoming,HEART PROBLEM,5.109489051,2010
Wyoming,JOINT PROBLEMS,4.379562044,2010
Wyoming,DIABETES,2.189781022,2010
Wyoming,CHILD USES INSULIN,2.189781022,2010
Wyoming,DOWN SYNDROME,0.729927007,2010
Wyoming,BLOOD PROBLEMS,0.729927007,2010
Wyoming,CYSTIC FIBROSIS,0.729927007,2010
Wyoming,CEREBRAL PALSY,0.729927007,2010
Wyoming,MUSCULAR DYSTROPHY,0,2010